소장품번호,명칭,연결페이지
무령1,진묘수,https://www.emuseum.go.kr/detail?relicId=PS0100100400700000100000
무령2,묘지석(왕)/간지도,https://www.emuseum.go.kr/detail?relicId=PS0100100400700000200000
무령3,묘지석(왕비)/매지권(왕),https://www.emuseum.go.kr/detail?relicId=PS0100100400700000300000
무령4,철 오수전,https://www.emuseum.go.kr/detail?relicId=PS0100100400700000400000
무령5,철 오수전,https://www.emuseum.go.kr/detail?relicId=PS0100100400700000500000
무령6,철 오수전,https://www.emuseum.go.kr/detail?relicId=PS0100100400700000600000
무령7,철 오수전,https://www.emuseum.go.kr/detail?relicId=PS0100100400700000700000
무령8,나무 널(왕),https://www.emuseum.go.kr/detail?relicId=PS0100100400700000800000
무령9,나무 널(왕비),https://www.emuseum.go.kr/detail?relicId=PS0100100400700000900000
무령10,시상(왕비),https://www.emuseum.go.kr/detail?relicId=PS0100100400700001000000
무령11,관 꾸미개(왕),https://www.emuseum.go.kr/detail?relicId=PS0100100400700001100000
무령12,금 귀걸이(왕),https://www.emuseum.go.kr/detail?relicId=PS0100100400700001200000
무령13,금 뒤꽂이(왕),https://www.emuseum.go.kr/detail?relicId=PS0100100400700001300000
무령14,허리띠(왕),https://www.emuseum.go.kr/detail?relicId=PS0100100400700001400000
무령15,은 허리띠 고리,https://www.emuseum.go.kr/detail?relicId=PS0100100400700001500000
무령16,금 허리띠 꾸미개,https://www.emuseum.go.kr/detail?relicId=PS0100100400700001600000
무령17,용·봉황 무늬 고리자루 큰 칼(왕),https://www.emuseum.go.kr/detail?relicId=PS0100100400700001700000
무령18,손 칼(왕),https://www.emuseum.go.kr/detail?relicId=PS0100100400700001800000
무령19,신발(왕),https://www.emuseum.go.kr/detail?relicId=PS0100100400700001900000
무령20,머리받침(왕),https://www.emuseum.go.kr/detail?relicId=PS0100100400700002000000
무령21,발받침(왕),https://www.emuseum.go.kr/detail?relicId=PS0100100400700002100000
무령22,청동 거울(왕),https://www.emuseum.go.kr/detail?relicId=PS0100100400700002200000
무령23,청동 거울(왕),https://www.emuseum.go.kr/detail?relicId=PS0100100400700002300000
무령24,흑옥 금테 구슬,https://www.emuseum.go.kr/detail?relicId=PS0100100400700002400000
무령25,흑옥 금테 구슬,https://www.emuseum.go.kr/detail?relicId=PS0100100400700002500000
무령26,금 구슬,https://www.emuseum.go.kr/detail?relicId=PS0100100400700002600000
무령27,금 구슬,https://www.emuseum.go.kr/detail?relicId=PS0100100400700002700000
무령28,은 구슬,https://www.emuseum.go.kr/detail?relicId=PS0100100400700002800000
무령29,은 구슬,https://www.emuseum.go.kr/detail?relicId=PS0100100400700002900000
무령30,오각형 금 꾸미개,https://www.emuseum.go.kr/detail?relicId=PS0100100400700003000000
무령31,오각형 금 꾸미개,https://www.emuseum.go.kr/detail?relicId=PS0100100400700003100000
무령32,오각형 은 꾸미개,https://www.emuseum.go.kr/detail?relicId=PS0100100400700003200000
무령33,오각형 은 꾸미개,https://www.emuseum.go.kr/detail?relicId=PS0100100400700003300000
무령34,나선형 금 꾸미개,https://www.emuseum.go.kr/detail?relicId=PS0100100400700003400000
무령35,나선형 금 꾸미개,https://www.emuseum.go.kr/detail?relicId=PS0100100400700003500000
무령36,거치형 금 꾸미개,https://www.emuseum.go.kr/detail?relicId=PS0100100400700003600000
무령37,장방형 금 꾸미개,https://www.emuseum.go.kr/detail?relicId=PS0100100400700003700000
무령38,장방형 금 꾸미개,https://www.emuseum.go.kr/detail?relicId=PS0100100400700003800000
무령39,장방형 금 꾸미개,https://www.emuseum.go.kr/detail?relicId=PS0100100400700003900000
무령40,장방형 금 꾸미개,https://www.emuseum.go.kr/detail?relicId=PS0100100400700004000000
무령41,장방형 금 꾸미개,https://www.emuseum.go.kr/detail?relicId=PS0100100400700004100000
무령42,장방형 금 꾸미개,https://www.emuseum.go.kr/detail?relicId=PS0100100400700004200000
무령43,장방형 금 꾸미개,https://www.emuseum.go.kr/detail?relicId=PS0100100400700004300000
무령44,관 꾸미개(왕비),https://www.emuseum.go.kr/detail?relicId=PS0100100400700004400000
무령45,금 귀걸이(왕비),https://www.emuseum.go.kr/detail?relicId=PS0100100400700004500000
무령46,금 귀걸이(왕비),https://www.emuseum.go.kr/detail?relicId=PS0100100400700004600000
무령47,금 귀걸이(왕비),https://www.emuseum.go.kr/detail?relicId=PS0100100400700004700000
무령48,금 귀걸이(왕비),https://www.emuseum.go.kr/detail?relicId=PS0100100400700004800000
무령49,금 목걸이(왕비),https://www.emuseum.go.kr/detail?relicId=PS0100100400700004900000
무령50,금 목걸이(왕비),https://www.emuseum.go.kr/detail?relicId=PS0100100400700005000000
무령51,용무늬 은 팔찌(왕비),https://www.emuseum.go.kr/detail?relicId=PS0100100400700005100000
무령52,금 팔찌,https://www.emuseum.go.kr/detail?relicId=PS0100100400700005200000
무령53,금 팔찌,https://www.emuseum.go.kr/detail?relicId=PS0100100400700005300000
무령54,은 팔찌,https://www.emuseum.go.kr/detail?relicId=PS0100100400700005400000
무령55,은 팔찌,https://www.emuseum.go.kr/detail?relicId=PS0100100400700005500000
무령56,손 칼(왕비),https://www.emuseum.go.kr/detail?relicId=PS0100100400700005600000
무령57,손 칼(왕비),https://www.emuseum.go.kr/detail?relicId=PS0100100400700005700000
무령58,손 칼(왕비),https://www.emuseum.go.kr/detail?relicId=PS0100100400700005800000
무령59,신발(왕비),https://www.emuseum.go.kr/detail?relicId=PS0100100400700005900000
무령60,직물 조각,https://www.emuseum.go.kr/detail?relicId=PS0100100400700006000000
무령61,머리받침(왕비),https://www.emuseum.go.kr/detail?relicId=PS0100100400700006100000
무령62,발받침(왕비),https://www.emuseum.go.kr/detail?relicId=PS0100100400700006200000
무령63,청동 거울(왕비),https://www.emuseum.go.kr/detail?relicId=PS0100100400700006300000
무령64,은 잔(왕비),https://www.emuseum.go.kr/detail?relicId=PS0100100400700006400000
무령65,청동 다리미,https://www.emuseum.go.kr/detail?relicId=PS0100100400700006500000
무령66,유리 동자상,https://www.emuseum.go.kr/detail?relicId=PS0100100400700006600000
무령67,유리 동자상,https://www.emuseum.go.kr/detail?relicId=PS0100100400700006700000
무령68,금 구슬,https://www.emuseum.go.kr/detail?relicId=PS0100100400700006800000
무령69,금색 유리구슬,https://www.emuseum.go.kr/detail?relicId=PS0100100400700006900000
무령70,금색 유리구슬,https://www.emuseum.go.kr/detail?relicId=PS0100100400700007000000
무령71,금색 유리구슬,https://www.emuseum.go.kr/detail?relicId=PS0100100400700007100000
무령72,금색 유리구슬,https://www.emuseum.go.kr/detail?relicId=PS0100100400700007200000
무령73,사엽형 금 꾸미개,https://www.emuseum.go.kr/detail?relicId=PS0100100400700007300000
무령74,사각형 금 꾸미개,https://www.emuseum.go.kr/detail?relicId=PS0100100400700007400000
무령75,오각형 은 꾸미개,https://www.emuseum.go.kr/detail?relicId=PS0100100400700007500000
무령76,치아(왕비),https://www.emuseum.go.kr/detail?relicId=PS0100100400700007600000
무령77,청자 유개육이호,https://www.emuseum.go.kr/detail?relicId=PS0100100400700007700000
무령78,청자 육이호,https://www.emuseum.go.kr/detail?relicId=PS0100100400700007800000
무령79,흑갈유 사이병,https://www.emuseum.go.kr/detail?relicId=PS0100100400700007900000
무령80,청자 잔,https://www.emuseum.go.kr/detail?relicId=PS0100100400700008000000
무령81,청자 등잔,https://www.emuseum.go.kr/detail?relicId=PS0100100400700008100000
무령82,청자 등잔,https://www.emuseum.go.kr/detail?relicId=PS0100100400700008200000
무령83,청자 등잔,https://www.emuseum.go.kr/detail?relicId=PS0100100400700008300000
무령84,청자 등잔,https://www.emuseum.go.kr/detail?relicId=PS0100100400700008400000
무령85,청자 등잔,https://www.emuseum.go.kr/detail?relicId=PS0100100400700008500000
무령86,청동 발,https://www.emuseum.go.kr/detail?relicId=PS0100100400700008600000
무령87,청동 완,https://www.emuseum.go.kr/detail?relicId=PS0100100400700008700000
무령88,청동 완,https://www.emuseum.go.kr/detail?relicId=PS0100100400700008800000
무령89,청동 완,https://www.emuseum.go.kr/detail?relicId=PS0100100400700008900000
무령90,청동 접시,https://www.emuseum.go.kr/detail?relicId=PS0100100400700009000000
무령91,청동 접시,https://www.emuseum.go.kr/detail?relicId=PS0100100400700009100000
무령92,청동 접시 조각,https://www.emuseum.go.kr/detail?relicId=PS0100100400700009200000
무령93,청동 접시 조각,https://www.emuseum.go.kr/detail?relicId=PS0100100400700009300000
무령94,청동 잔,https://www.emuseum.go.kr/detail?relicId=PS0100100400700009400000
무령95,청동 잔,https://www.emuseum.go.kr/detail?relicId=PS0100100400700009500000
무령96,청동 잔,https://www.emuseum.go.kr/detail?relicId=PS0100100400700009600000
무령97,청동 잔,https://www.emuseum.go.kr/detail?relicId=PS0100100400700009700000
무령98,청동 잔,https://www.emuseum.go.kr/detail?relicId=PS0100100400700009800000
무령99,청동 숟가락,https://www.emuseum.go.kr/detail?relicId=PS0100100400700009900000
무령100,청동 숟가락,https://www.emuseum.go.kr/detail?relicId=PS0100100400700010000000
무령101,청동 숟가락,https://www.emuseum.go.kr/detail?relicId=PS0100100400700010100000
무령102,청동 젓가락,https://www.emuseum.go.kr/detail?relicId=PS0100100400700010200000
무령103,청동 젓가락,https://www.emuseum.go.kr/detail?relicId=PS0100100400700010300000
무령104,제대,https://www.emuseum.go.kr/detail?relicId=PS0100100400700010400000
무령105,주칠기 조각,https://www.emuseum.go.kr/detail?relicId=PS0100100400700010500000
무령106,은어뼈,https://www.emuseum.go.kr/detail?relicId=PS0100100400700010600000
무령107,동물형 흑옥 꾸미개,https://www.emuseum.go.kr/detail?relicId=PS0100100400700010700000
무령108,동물형 흑옥 꾸미개,https://www.emuseum.go.kr/detail?relicId=PS0100100400700010800000
무령109,원통형 금 꾸미개,https://www.emuseum.go.kr/detail?relicId=PS0100100400700010900000
무령110,원통형 금 꾸미개,https://www.emuseum.go.kr/detail?relicId=PS0100100400700011000000
무령111,원통형 금 꾸미개,https://www.emuseum.go.kr/detail?relicId=PS0100100400700011100000
무령112,원통형 금 꾸미개,https://www.emuseum.go.kr/detail?relicId=PS0100100400700011200000
무령113,원통형 금 꾸미개,https://www.emuseum.go.kr/detail?relicId=PS0100100400700011300000
무령114,원통형 금 꾸미개,https://www.emuseum.go.kr/detail?relicId=PS0100100400700011400000
무령115,원통형 금 꾸미개,https://www.emuseum.go.kr/detail?relicId=PS0100100400700011500000
무령116,원통형 금 꾸미개,https://www.emuseum.go.kr/detail?relicId=PS0100100400700011600000
무령117,원통형 금 꾸미개,https://www.emuseum.go.kr/detail?relicId=PS0100100400700011700000
무령118,원통형 금 꾸미개,https://www.emuseum.go.kr/detail?relicId=PS0100100400700011800000
무령119,원통형 금 꾸미개,https://www.emuseum.go.kr/detail?relicId=PS0100100400700011900000
무령120,원통형 금 꾸미개,https://www.emuseum.go.kr/detail?relicId=PS0100100400700012000000
무령121,원통형 금 꾸미개,https://www.emuseum.go.kr/detail?relicId=PS0100100400700012100000
무령122,원통형 금 꾸미개,https://www.emuseum.go.kr/detail?relicId=PS0100100400700012200000
무령123,원뿔형 금 꾸미개,https://www.emuseum.go.kr/detail?relicId=PS0100100400700012300000
무령124,원뿔형 금 꾸미개,https://www.emuseum.go.kr/detail?relicId=PS0100100400700012400000
무령125,원뿔형 금 꾸미개,https://www.emuseum.go.kr/detail?relicId=PS0100100400700012500000
무령126,원뿔형 금 꾸미개,https://www.emuseum.go.kr/detail?relicId=PS0100100400700012600000
무령127,원뿔형 금 꾸미개,https://www.emuseum.go.kr/detail?relicId=PS0100100400700012700000
무령128,원뿔형 금 꾸미개,https://www.emuseum.go.kr/detail?relicId=PS0100100400700012800000
무령129,원뿔형 금 꾸미개,https://www.emuseum.go.kr/detail?relicId=PS0100100400700012900000
무령130,원뿔형 금 꾸미개,https://www.emuseum.go.kr/detail?relicId=PS0100100400700013000000
무령131,원뿔형 금 꾸미개,https://www.emuseum.go.kr/detail?relicId=PS0100100400700013100000
무령132,원뿔형 금 꾸미개,https://www.emuseum.go.kr/detail?relicId=PS0100100400700013200000
무령133,원뿔형 금 꾸미개,https://www.emuseum.go.kr/detail?relicId=PS0100100400700013300000
무령134,원뿔형 금 꾸미개,https://www.emuseum.go.kr/detail?relicId=PS0100100400700013400000
무령135,금 장식 곱은 옥,https://www.emuseum.go.kr/detail?relicId=PS0100100400700013500000
무령136,금 장식 곱은 옥,https://www.emuseum.go.kr/detail?relicId=PS0100100400700013600000
무령137,금 장식 곱은 옥,https://www.emuseum.go.kr/detail?relicId=PS0100100400700013700000
무령138,금 장식 곱은 옥,https://www.emuseum.go.kr/detail?relicId=PS0100100400700013800000
무령139,경옥 곱은 옥,https://www.emuseum.go.kr/detail?relicId=PS0100100400700013900000
무령140,경옥 곱은 옥,https://www.emuseum.go.kr/detail?relicId=PS0100100400700014000000
무령141,경옥 곱은 옥,https://www.emuseum.go.kr/detail?relicId=PS0100100400700014100000
무령142,경옥 곱은 옥,https://www.emuseum.go.kr/detail?relicId=PS0100100400700014200000
무령143,경옥 곱은 옥,https://www.emuseum.go.kr/detail?relicId=PS0100100400700014300000
무령144,경옥 곱은 옥,https://www.emuseum.go.kr/detail?relicId=PS0100100400700014400000
무령145,경옥 곱은 옥,https://www.emuseum.go.kr/detail?relicId=PS0100100400700014500000
무령146,유리 곱은 옥,https://www.emuseum.go.kr/detail?relicId=PS0100100400700014600000
무령147,유리 곱은 옥,https://www.emuseum.go.kr/detail?relicId=PS0100100400700014700000
무령148,유리 곱은 옥,https://www.emuseum.go.kr/detail?relicId=PS0100100400700014800000
무령149,유리 곱은 옥,https://www.emuseum.go.kr/detail?relicId=PS0100100400700014900000
무령150,유리 곱은 옥,https://www.emuseum.go.kr/detail?relicId=PS0100100400700015000000
무령151,유리 곱은 옥,https://www.emuseum.go.kr/detail?relicId=PS0100100400700015100000
무령152,유리 곱은 옥,https://www.emuseum.go.kr/detail?relicId=PS0100100400700015200000
무령153,유리 곱은 옥,https://www.emuseum.go.kr/detail?relicId=PS0100100400700015300000
무령154,유리 곱은 옥,https://www.emuseum.go.kr/detail?relicId=PS0100100400700015400000
무령155,유리 곱은 옥,https://www.emuseum.go.kr/detail?relicId=PS0100100400700015500000
무령156,유리 곱은 옥,https://www.emuseum.go.kr/detail?relicId=PS0100100400700015600000
무령157,유리 곱은 옥,https://www.emuseum.go.kr/detail?relicId=PS0100100400700015700000
무령158,유리 곱은 옥,https://www.emuseum.go.kr/detail?relicId=PS0100100400700015800000
무령159,유리 곱은 옥,https://www.emuseum.go.kr/detail?relicId=PS0100100400700015900000
무령160,유리 곱은 옥,https://www.emuseum.go.kr/detail?relicId=PS0100100400700016000000
무령161,유리 곱은 옥,https://www.emuseum.go.kr/detail?relicId=PS0100100400700016100000
무령162,호박 조옥,https://www.emuseum.go.kr/detail?relicId=PS0100100400700016200000
무령163,호박 조옥,https://www.emuseum.go.kr/detail?relicId=PS0100100400700016300000
무령164,호박 조옥,https://www.emuseum.go.kr/detail?relicId=PS0100100400700016400000
무령165,호박 조옥,https://www.emuseum.go.kr/detail?relicId=PS0100100400700016500000
무령166,호박 조옥,https://www.emuseum.go.kr/detail?relicId=PS0100100400700016600000
무령167,호박 조옥,https://www.emuseum.go.kr/detail?relicId=PS0100100400700016700000
무령168,호박 조옥,https://www.emuseum.go.kr/detail?relicId=PS0100100400700016800000
무령169,호박 조옥,https://www.emuseum.go.kr/detail?relicId=PS0100100400700016900000
무령170,흑옥 조옥,https://www.emuseum.go.kr/detail?relicId=PS0100100400700017000000
무령171,흑옥 조옥,https://www.emuseum.go.kr/detail?relicId=PS0100100400700017100000
무령172,흑옥 조옥,https://www.emuseum.go.kr/detail?relicId=PS0100100400700017200000
무령173,흑옥 조옥,https://www.emuseum.go.kr/detail?relicId=PS0100100400700017300000
무령174,흑옥 조옥,https://www.emuseum.go.kr/detail?relicId=PS0100100400700017400000
무령175,흑옥 조옥,https://www.emuseum.go.kr/detail?relicId=PS0100100400700017500000
무령176,흑옥 조옥,https://www.emuseum.go.kr/detail?relicId=PS0100100400700017600000
무령177,흑옥 조옥,https://www.emuseum.go.kr/detail?relicId=PS0100100400700017700000
무령178,흑옥 조옥,https://www.emuseum.go.kr/detail?relicId=PS0100100400700017800000
무령179,흑옥 조옥,https://www.emuseum.go.kr/detail?relicId=PS0100100400700017900000
무령180,흑옥 조옥,https://www.emuseum.go.kr/detail?relicId=PS0100100400700018000000
무령181,흑옥 조옥,https://www.emuseum.go.kr/detail?relicId=PS0100100400700018100000
무령182,흑옥 조옥,https://www.emuseum.go.kr/detail?relicId=PS0100100400700018200000
무령183,호박 대롱옥,https://www.emuseum.go.kr/detail?relicId=PS0100100400700018300000
무령184,호박 대롱옥,https://www.emuseum.go.kr/detail?relicId=PS0100100400700018400000
무령185,호박 대롱옥,https://www.emuseum.go.kr/detail?relicId=PS0100100400700018500000
무령186,호박 대롱옥,https://www.emuseum.go.kr/detail?relicId=PS0100100400700018600000
무령187,석영 대롱옥,https://www.emuseum.go.kr/detail?relicId=PS0100100400700018700000
무령188,유리 대롱옥,https://www.emuseum.go.kr/detail?relicId=PS0100100400700018800000
무령189,유리 대롱옥,https://www.emuseum.go.kr/detail?relicId=PS0100100400700018900000
무령190,유리 대롱옥,https://www.emuseum.go.kr/detail?relicId=PS0100100400700019000000
무령191,유리 대롱옥,https://www.emuseum.go.kr/detail?relicId=PS0100100400700019100000
무령192,유리 대롱옥,https://www.emuseum.go.kr/detail?relicId=PS0100100400700019200000
무령193,유리 대롱옥,https://www.emuseum.go.kr/detail?relicId=PS0100100400700019300000
무령194,유리 구슬,https://www.emuseum.go.kr/detail?relicId=PS0100100400700019400000
무령195,유리 연리 대롱옥,https://www.emuseum.go.kr/detail?relicId=PS0100100400700019500000
무령196,유리 연리 대롱옥,https://www.emuseum.go.kr/detail?relicId=PS0100100400700019600000
무령197,유리 구슬,https://www.emuseum.go.kr/detail?relicId=PS0100100400700019700000
무령198,유리 구슬,https://www.emuseum.go.kr/detail?relicId=PS0100100400700019800000
무령199,유리 구슬,https://www.emuseum.go.kr/detail?relicId=PS0100100400700019900000
무령200,유리 구슬,https://www.emuseum.go.kr/detail?relicId=PS0100100400700020000000
무령201,유리 구슬,https://www.emuseum.go.kr/detail?relicId=PS0100100400700020100000
무령202,유리 구슬,https://www.emuseum.go.kr/detail?relicId=PS0100100400700020200000
무령203,유리 구슬,https://www.emuseum.go.kr/detail?relicId=PS0100100400700020300000
무령204,유리 구슬,https://www.emuseum.go.kr/detail?relicId=PS0100100400700020400000
무령205,유리 구슬,https://www.emuseum.go.kr/detail?relicId=PS0100100400700020500000
무령206,유리 구슬,https://www.emuseum.go.kr/detail?relicId=PS0100100400700020600000
무령207,유리 구슬,https://www.emuseum.go.kr/detail?relicId=PS0100100400700020700000
무령208,유리 구슬,https://www.emuseum.go.kr/detail?relicId=PS0100100400700020800000
무령209,유리 구슬,https://www.emuseum.go.kr/detail?relicId=PS0100100400700020900000
무령210,유리 구슬,https://www.emuseum.go.kr/detail?relicId=PS0100100400700021000000
무령211,유리 구슬,https://www.emuseum.go.kr/detail?relicId=PS0100100400700021100000
무령212,유리 구슬,https://www.emuseum.go.kr/detail?relicId=PS0100100400700021200000
무령213,유리 구슬,https://www.emuseum.go.kr/detail?relicId=PS0100100400700021300000
무령214,유리 구슬,https://www.emuseum.go.kr/detail?relicId=PS0100100400700021400000
무령215,유리 구슬,https://www.emuseum.go.kr/detail?relicId=PS0100100400700021500000
무령216,유리 구슬,https://www.emuseum.go.kr/detail?relicId=PS0100100400700021600000
무령217,유리 구슬,https://www.emuseum.go.kr/detail?relicId=PS0100100400700021700000
무령218,유리 구슬,https://www.emuseum.go.kr/detail?relicId=PS0100100400700021800000
무령219,유리 구슬,https://www.emuseum.go.kr/detail?relicId=PS0100100400700021900000
무령220,유리 구슬,https://www.emuseum.go.kr/detail?relicId=PS0100100400700022000000
무령221,유리 구슬,https://www.emuseum.go.kr/detail?relicId=PS0100100400700022100000
무령222,유리 구슬,https://www.emuseum.go.kr/detail?relicId=PS0100100400700022200000
무령223,유리 구슬,https://www.emuseum.go.kr/detail?relicId=PS0100100400700022300000
무령224,유리 구슬,https://www.emuseum.go.kr/detail?relicId=PS0100100400700022400000
무령225,유리 구슬,https://www.emuseum.go.kr/detail?relicId=PS0100100400700022500000
무령226,유리 구슬,https://www.emuseum.go.kr/detail?relicId=PS0100100400700022600000
무령227,유리 구슬,https://www.emuseum.go.kr/detail?relicId=PS0100100400700022700000
무령228,유리 구슬,https://www.emuseum.go.kr/detail?relicId=PS0100100400700022800000
무령229,유리 구슬,https://www.emuseum.go.kr/detail?relicId=PS0100100400700022900000
무령230,유리 구슬,https://www.emuseum.go.kr/detail?relicId=PS0100100400700023000000
무령231,유리 구슬,https://www.emuseum.go.kr/detail?relicId=PS0100100400700023100000
무령232,유리 구슬,https://www.emuseum.go.kr/detail?relicId=PS0100100400700023200000
무령233,유리 구슬,https://www.emuseum.go.kr/detail?relicId=PS0100100400700023300000
무령234,유리 구슬,https://www.emuseum.go.kr/detail?relicId=PS0100100400700023400000
무령235,유리 구슬,https://www.emuseum.go.kr/detail?relicId=PS0100100400700023500000
무령236,유리 구슬,https://www.emuseum.go.kr/detail?relicId=PS0100100400700023600000
무령237,유리 구슬,https://www.emuseum.go.kr/detail?relicId=PS0100100400700023700000
무령238,유리 구슬,https://www.emuseum.go.kr/detail?relicId=PS0100100400700023800000
무령239,유리 구슬,https://www.emuseum.go.kr/detail?relicId=PS0100100400700023900000
무령240,유리 구슬,https://www.emuseum.go.kr/detail?relicId=PS0100100400700024000000
무령241,유리 구슬,https://www.emuseum.go.kr/detail?relicId=PS0100100400700024100000
무령242,유리 구슬,https://www.emuseum.go.kr/detail?relicId=PS0100100400700024200000
무령243,유리 구슬,https://www.emuseum.go.kr/detail?relicId=PS0100100400700024300000
무령244,유리 구슬,https://www.emuseum.go.kr/detail?relicId=PS0100100400700024400000
무령245,유리 구슬,https://www.emuseum.go.kr/detail?relicId=PS0100100400700024500000
무령246,유리 구슬,https://www.emuseum.go.kr/detail?relicId=PS0100100400700024600000
무령247,유리 구슬,https://www.emuseum.go.kr/detail?relicId=PS0100100400700024700000
무령248,유리 구슬,https://www.emuseum.go.kr/detail?relicId=PS0100100400700024800000
무령249,유리 구슬,https://www.emuseum.go.kr/detail?relicId=PS0100100400700024900000
무령250,유리 구슬,https://www.emuseum.go.kr/detail?relicId=PS0100100400700025000000
무령251,유리 구슬,https://www.emuseum.go.kr/detail?relicId=PS0100100400700025100000
무령252,유리 구슬,https://www.emuseum.go.kr/detail?relicId=PS0100100400700025200000
무령253,유리 구슬,https://www.emuseum.go.kr/detail?relicId=PS0100100400700025300000
무령254,유리 구슬,https://www.emuseum.go.kr/detail?relicId=PS0100100400700025400000
무령255,유리 구슬,https://www.emuseum.go.kr/detail?relicId=PS0100100400700025500000
무령256,유리 구슬,https://www.emuseum.go.kr/detail?relicId=PS0100100400700025600000
무령257,유리 구슬,https://www.emuseum.go.kr/detail?relicId=PS0100100400700025700000
무령258,유리 구슬,https://www.emuseum.go.kr/detail?relicId=PS0100100400700025800000
무령259,유리 구슬,https://www.emuseum.go.kr/detail?relicId=PS0100100400700025900000
무령260,유리 구슬,https://www.emuseum.go.kr/detail?relicId=PS0100100400700026000000
무령261,유리 구슬,https://www.emuseum.go.kr/detail?relicId=PS0100100400700026100000
무령262,유리 구슬,https://www.emuseum.go.kr/detail?relicId=PS0100100400700026200000
무령263,유리 구슬,https://www.emuseum.go.kr/detail?relicId=PS0100100400700026300000
무령264,유리 구슬,https://www.emuseum.go.kr/detail?relicId=PS0100100400700026400000
무령265,유리 구슬,https://www.emuseum.go.kr/detail?relicId=PS0100100400700026500000
무령266,유리 구슬,https://www.emuseum.go.kr/detail?relicId=PS0100100400700026600000
무령267,유리 구슬,https://www.emuseum.go.kr/detail?relicId=PS0100100400700026700000
무령268,유리 구슬,https://www.emuseum.go.kr/detail?relicId=PS0100100400700026800000
무령269,유리 구슬,https://www.emuseum.go.kr/detail?relicId=PS0100100400700026900000
무령270,유리 구슬,https://www.emuseum.go.kr/detail?relicId=PS0100100400700027000000
무령271,유리 구슬,https://www.emuseum.go.kr/detail?relicId=PS0100100400700027100000
무령272,유리 구슬,https://www.emuseum.go.kr/detail?relicId=PS0100100400700027200000
무령273,유리 구슬,https://www.emuseum.go.kr/detail?relicId=PS0100100400700027300000
무령274,유리 구슬,https://www.emuseum.go.kr/detail?relicId=PS0100100400700027400000
무령275,유리 구슬,https://www.emuseum.go.kr/detail?relicId=PS0100100400700027500000
무령276,유리 구슬,https://www.emuseum.go.kr/detail?relicId=PS0100100400700027600000
무령277,유리 구슬,https://www.emuseum.go.kr/detail?relicId=PS0100100400700027700000
무령278,유리 구슬,https://www.emuseum.go.kr/detail?relicId=PS0100100400700027800000
무령279,유리 구슬,https://www.emuseum.go.kr/detail?relicId=PS0100100400700027900000
무령280,유리 구슬,https://www.emuseum.go.kr/detail?relicId=PS0100100400700028000000
무령281,유리 구슬,https://www.emuseum.go.kr/detail?relicId=PS0100100400700028100000
무령282,유리 구슬,https://www.emuseum.go.kr/detail?relicId=PS0100100400700028200000
무령283,유리 구슬,https://www.emuseum.go.kr/detail?relicId=PS0100100400700028300000
무령284,유리 구슬,https://www.emuseum.go.kr/detail?relicId=PS0100100400700028400000
무령285,유리 구슬,https://www.emuseum.go.kr/detail?relicId=PS0100100400700028500000
무령286,유리 구슬,https://www.emuseum.go.kr/detail?relicId=PS0100100400700028600000
무령287,유리 구슬,https://www.emuseum.go.kr/detail?relicId=PS0100100400700028700000
무령288,유리 구슬,https://www.emuseum.go.kr/detail?relicId=PS0100100400700028800000
무령289,유리 구슬,https://www.emuseum.go.kr/detail?relicId=PS0100100400700028900000
무령290,유리 구슬,https://www.emuseum.go.kr/detail?relicId=PS0100100400700029000000
무령291,유리 구슬,https://www.emuseum.go.kr/detail?relicId=PS0100100400700029100000
무령292,유리 구슬,https://www.emuseum.go.kr/detail?relicId=PS0100100400700029200000
무령293,유리 구슬,https://www.emuseum.go.kr/detail?relicId=PS0100100400700029300000
무령294,유리 구슬,https://www.emuseum.go.kr/detail?relicId=PS0100100400700029400000
무령295,유리 구슬,https://www.emuseum.go.kr/detail?relicId=PS0100100400700029500000
무령296,유리 구슬,https://www.emuseum.go.kr/detail?relicId=PS0100100400700029600000
무령297,유리 구슬,https://www.emuseum.go.kr/detail?relicId=PS0100100400700029700000
무령298,유리 구슬,https://www.emuseum.go.kr/detail?relicId=PS0100100400700029800000
무령299,유리 구슬,https://www.emuseum.go.kr/detail?relicId=PS0100100400700029900000
무령300,유리 구슬,https://www.emuseum.go.kr/detail?relicId=PS0100100400700030000000
무령301,유리 구슬,https://www.emuseum.go.kr/detail?relicId=PS0100100400700030100000
무령302,유리 구슬,https://www.emuseum.go.kr/detail?relicId=PS0100100400700030200000
무령303,유리 구슬,https://www.emuseum.go.kr/detail?relicId=PS0100100400700030300000
무령304,유리 구슬,https://www.emuseum.go.kr/detail?relicId=PS0100100400700030400000
무령305,유리 구슬,https://www.emuseum.go.kr/detail?relicId=PS0100100400700030500000
무령306,유리 구슬,https://www.emuseum.go.kr/detail?relicId=PS0100100400700030600000
무령307,유리 구슬,https://www.emuseum.go.kr/detail?relicId=PS0100100400700030700000
무령308,유리 구슬,https://www.emuseum.go.kr/detail?relicId=PS0100100400700030800000
무령309,유리 구슬,https://www.emuseum.go.kr/detail?relicId=PS0100100400700030900000
무령310,유리 구슬,https://www.emuseum.go.kr/detail?relicId=PS0100100400700031000000
무령311,유리 구슬,https://www.emuseum.go.kr/detail?relicId=PS0100100400700031100000
무령312,유리 구슬,https://www.emuseum.go.kr/detail?relicId=PS0100100400700031200000
무령313,유리 구슬,https://www.emuseum.go.kr/detail?relicId=PS0100100400700031300000
무령314,유리 구슬,https://www.emuseum.go.kr/detail?relicId=PS0100100400700031400000
무령315,유리 구슬,https://www.emuseum.go.kr/detail?relicId=PS0100100400700031500000
무령316,유리 구슬,https://www.emuseum.go.kr/detail?relicId=PS0100100400700031600000
무령317,유리 구슬,https://www.emuseum.go.kr/detail?relicId=PS0100100400700031700000
무령318,유리 구슬,https://www.emuseum.go.kr/detail?relicId=PS0100100400700031800000
무령319,유리 구슬,https://www.emuseum.go.kr/detail?relicId=PS0100100400700031900000
무령320,꽃모양 금 꾸미개,https://www.emuseum.go.kr/detail?relicId=PS0100100400700032000000
무령321,꽃모양 금 꾸미개,https://www.emuseum.go.kr/detail?relicId=PS0100100400700032100000
무령322,꽃모양 금 꾸미개,https://www.emuseum.go.kr/detail?relicId=PS0100100400700032200000
무령323,꽃모양 금 꾸미개,https://www.emuseum.go.kr/detail?relicId=PS0100100400700032300000
무령324,꽃모양 금 꾸미개,https://www.emuseum.go.kr/detail?relicId=PS0100100400700032400000
무령325,꽃모양 금 꾸미개,https://www.emuseum.go.kr/detail?relicId=PS0100100400700032500000
무령326,꽃모양 금 꾸미개,https://www.emuseum.go.kr/detail?relicId=PS0100100400700032600000
무령327,꽃모양 금 꾸미개,https://www.emuseum.go.kr/detail?relicId=PS0100100400700032700000
무령328,꽃모양 금 꾸미개,https://www.emuseum.go.kr/detail?relicId=PS0100100400700032800000
무령329,꽃모양 금 꾸미개,https://www.emuseum.go.kr/detail?relicId=PS0100100400700032900000
무령330,꽃모양 금 꾸미개,https://www.emuseum.go.kr/detail?relicId=PS0100100400700033000000
무령331,꽃모양 금 꾸미개,https://www.emuseum.go.kr/detail?relicId=PS0100100400700033100000
무령332,꽃모양 금 꾸미개,https://www.emuseum.go.kr/detail?relicId=PS0100100400700033200000
무령333,꽃모양 금 꾸미개,https://www.emuseum.go.kr/detail?relicId=PS0100100400700033300000
무령334,꽃모양 금 꾸미개,https://www.emuseum.go.kr/detail?relicId=PS0100100400700033400000
무령335,꽃모양 금 꾸미개,https://www.emuseum.go.kr/detail?relicId=PS0100100400700033500000
무령336,꽃모양 금 꾸미개,https://www.emuseum.go.kr/detail?relicId=PS0100100400700033600000
무령337,꽃모양 금 꾸미개,https://www.emuseum.go.kr/detail?relicId=PS0100100400700033700000
무령338,꽃모양 금 꾸미개,https://www.emuseum.go.kr/detail?relicId=PS0100100400700033800000
무령339,꽃모양 금 꾸미개,https://www.emuseum.go.kr/detail?relicId=PS0100100400700033900000
무령340,원형 금 꾸미개,https://www.emuseum.go.kr/detail?relicId=PS0100100400700034000000
무령341,원형 금 꾸미개,https://www.emuseum.go.kr/detail?relicId=PS0100100400700034100000
무령342,원형 금 꾸미개,https://www.emuseum.go.kr/detail?relicId=PS0100100400700034200000
무령343,원형 금 꾸미개,https://www.emuseum.go.kr/detail?relicId=PS0100100400700034300000
무령344,원형 금 꾸미개,https://www.emuseum.go.kr/detail?relicId=PS0100100400700034400000
무령345,원형 금 꾸미개,https://www.emuseum.go.kr/detail?relicId=PS0100100400700034500000
무령346,원형 금 꾸미개,https://www.emuseum.go.kr/detail?relicId=PS0100100400700034600000
무령347,원형 금 꾸미개,https://www.emuseum.go.kr/detail?relicId=PS0100100400700034700000
무령348,원형 금 꾸미개,https://www.emuseum.go.kr/detail?relicId=PS0100100400700034800000
무령349,원형 금 꾸미개,https://www.emuseum.go.kr/detail?relicId=PS0100100400700034900000
무령350,원형 금 꾸미개,https://www.emuseum.go.kr/detail?relicId=PS0100100400700035000000
무령351,원형 금 꾸미개,https://www.emuseum.go.kr/detail?relicId=PS0100100400700035100000
무령352,원형 금 꾸미개,https://www.emuseum.go.kr/detail?relicId=PS0100100400700035200000
무령353,원형 금 꾸미개,https://www.emuseum.go.kr/detail?relicId=PS0100100400700035300000
무령354,원형 금 꾸미개,https://www.emuseum.go.kr/detail?relicId=PS0100100400700035400000
무령355,원형 금 꾸미개,https://www.emuseum.go.kr/detail?relicId=PS0100100400700035500000
무령356,원형 금 꾸미개,https://www.emuseum.go.kr/detail?relicId=PS0100100400700035600000
무령357,원형 금 꾸미개,https://www.emuseum.go.kr/detail?relicId=PS0100100400700035700000
무령358,원형 금 꾸미개,https://www.emuseum.go.kr/detail?relicId=PS0100100400700035800000
무령359,원형 금 꾸미개,https://www.emuseum.go.kr/detail?relicId=PS0100100400700035900000
무령360,원형 금 꾸미개,https://www.emuseum.go.kr/detail?relicId=PS0100100400700036000000
무령361,원형 금 꾸미개,https://www.emuseum.go.kr/detail?relicId=PS0100100400700036100000
무령362,원형 금 꾸미개,https://www.emuseum.go.kr/detail?relicId=PS0100100400700036200000
무령363,원형 금 꾸미개,https://www.emuseum.go.kr/detail?relicId=PS0100100400700036300000
무령364,원형 금 꾸미개,https://www.emuseum.go.kr/detail?relicId=PS0100100400700036400000
무령365,원형 금 꾸미개,https://www.emuseum.go.kr/detail?relicId=PS0100100400700036500000
무령366,원형 금 꾸미개,https://www.emuseum.go.kr/detail?relicId=PS0100100400700036600000
무령367,마름모형 금 꾸미개,https://www.emuseum.go.kr/detail?relicId=PS0100100400700036700000
무령368,나뭇잎 모양 금 꾸미개,https://www.emuseum.go.kr/detail?relicId=PS0100100400700036800000
무령369,타원형 금 꾸미개,https://www.emuseum.go.kr/detail?relicId=PS0100100400700036900000
무령370,꽃모양 은 꾸미개,https://www.emuseum.go.kr/detail?relicId=PS0100100400700037000000
무령371,꽃모양 은 꾸미개,https://www.emuseum.go.kr/detail?relicId=PS0100100400700037100000
무령372,꽃모양 은 꾸미개,https://www.emuseum.go.kr/detail?relicId=PS0100100400700037200000
무령373,꽃모양 은 꾸미개,https://www.emuseum.go.kr/detail?relicId=PS0100100400700037300000
무령374,꽃모양 은 꾸미개,https://www.emuseum.go.kr/detail?relicId=PS0100100400700037400000
무령375,꽃모양 은 꾸미개,https://www.emuseum.go.kr/detail?relicId=PS0100100400700037500000
무령376,꽃모양 은 꾸미개,https://www.emuseum.go.kr/detail?relicId=PS0100100400700037600000
무령377,꽃모양 은 꾸미개,https://www.emuseum.go.kr/detail?relicId=PS0100100400700037700000
무령378,꽃모양 은 꾸미개,https://www.emuseum.go.kr/detail?relicId=PS0100100400700037800000
무령379,꽃모양 은 꾸미개,https://www.emuseum.go.kr/detail?relicId=PS0100100400700037900000
무령380,마름모형 은 꾸미개,https://www.emuseum.go.kr/detail?relicId=PS0100100400700038000000
무령381,원형 은 꾸미개,https://www.emuseum.go.kr/detail?relicId=PS0100100400700038100000
무령382,원형 은 꾸미개,https://www.emuseum.go.kr/detail?relicId=PS0100100400700038200000
무령383,원형 은 꾸미개,https://www.emuseum.go.kr/detail?relicId=PS0100100400700038300000
무령384,원형 은 꾸미개,https://www.emuseum.go.kr/detail?relicId=PS0100100400700038400000
무령385,원형 은 꾸미개,https://www.emuseum.go.kr/detail?relicId=PS0100100400700038500000
무령386,원형 은 꾸미개,https://www.emuseum.go.kr/detail?relicId=PS0100100400700038600000
무령387,원형 은 꾸미개,https://www.emuseum.go.kr/detail?relicId=PS0100100400700038700000
무령388,원형 은 꾸미개,https://www.emuseum.go.kr/detail?relicId=PS0100100400700038800000
무령389,원형 은 꾸미개,https://www.emuseum.go.kr/detail?relicId=PS0100100400700038900000
무령390,원형 은 꾸미개,https://www.emuseum.go.kr/detail?relicId=PS0100100400700039000000
무령391,원형 은 꾸미개,https://www.emuseum.go.kr/detail?relicId=PS0100100400700039100000
무령392,원형 은 꾸미개,https://www.emuseum.go.kr/detail?relicId=PS0100100400700039200000
무령393,원형 은 꾸미개,https://www.emuseum.go.kr/detail?relicId=PS0100100400700039300000
무령394,원형 은 꾸미개,https://www.emuseum.go.kr/detail?relicId=PS0100100400700039400000
무령395,원형 은 꾸미개,https://www.emuseum.go.kr/detail?relicId=PS0100100400700039500000
무령396,원형 은 꾸미개,https://www.emuseum.go.kr/detail?relicId=PS0100100400700039600000
무령397,원형 은 꾸미개,https://www.emuseum.go.kr/detail?relicId=PS0100100400700039700000
무령398,원형 은 꾸미개,https://www.emuseum.go.kr/detail?relicId=PS0100100400700039800000
무령399,원형 은 꾸미개,https://www.emuseum.go.kr/detail?relicId=PS0100100400700039900000
무령400,원형 은 꾸미개,https://www.emuseum.go.kr/detail?relicId=PS0100100400700040000000
무령401,원형 은 꾸미개,https://www.emuseum.go.kr/detail?relicId=PS0100100400700040100000
무령402,원형 은 꾸미개,https://www.emuseum.go.kr/detail?relicId=PS0100100400700040200000
무령403,원형 은 꾸미개,https://www.emuseum.go.kr/detail?relicId=PS0100100400700040300000
무령404,원형 은 꾸미개,https://www.emuseum.go.kr/detail?relicId=PS0100100400700040400000
무령405,나선형 은 꾸미개,https://www.emuseum.go.kr/detail?relicId=PS0100100400700040500000
무령406,원형 청동 꾸미개,https://www.emuseum.go.kr/detail?relicId=PS0100100400700040600000
무령407,원형 청동 꾸미개,https://www.emuseum.go.kr/detail?relicId=PS0100100400700040700000
무령408,원형 청동 꾸미개,https://www.emuseum.go.kr/detail?relicId=PS0100100400700040800000
무령409,원형 청동 꾸미개,https://www.emuseum.go.kr/detail?relicId=PS0100100400700040900000
무령410,원형 청동 꾸미개,https://www.emuseum.go.kr/detail?relicId=PS0100100400700041000000
무령411,원형 청동 꾸미개,https://www.emuseum.go.kr/detail?relicId=PS0100100400700041100000
무령412,원형 청동 꾸미개,https://www.emuseum.go.kr/detail?relicId=PS0100100400700041200000
무령413,원형 청동 꾸미개,https://www.emuseum.go.kr/detail?relicId=PS0100100400700041300000
무령414,원형 청동 꾸미개,https://www.emuseum.go.kr/detail?relicId=PS0100100400700041400000
무령415,원형 청동 꾸미개,https://www.emuseum.go.kr/detail?relicId=PS0100100400700041500000
무령416,금동 꾸미개,https://www.emuseum.go.kr/detail?relicId=PS0100100400700041600000
무령417,은 장식 창,https://www.emuseum.go.kr/detail?relicId=PS0100100400700041700000
무령418,널 못,https://www.emuseum.go.kr/detail?relicId=PS0100100400700041800000
무령419,널 못,https://www.emuseum.go.kr/detail?relicId=PS0100100400700041900000
무령420,널 못,https://www.emuseum.go.kr/detail?relicId=PS0100100400700042000000
무령421,널 못,https://www.emuseum.go.kr/detail?relicId=PS0100100400700042100000
무령422,널 못,https://www.emuseum.go.kr/detail?relicId=PS0100100400700042200000
무령423,널 못,https://www.emuseum.go.kr/detail?relicId=PS0100100400700042300000
무령424,널 못,https://www.emuseum.go.kr/detail?relicId=PS0100100400700042400000
무령425,널 못,https://www.emuseum.go.kr/detail?relicId=PS0100100400700042500000
무령426,널 못,https://www.emuseum.go.kr/detail?relicId=PS0100100400700042600000
무령427,널 못,https://www.emuseum.go.kr/detail?relicId=PS0100100400700042700000
무령428,널 못,https://www.emuseum.go.kr/detail?relicId=PS0100100400700042800000
무령429,널 못,https://www.emuseum.go.kr/detail?relicId=PS0100100400700042900000
무령430,널 못,https://www.emuseum.go.kr/detail?relicId=PS0100100400700043000000
무령431,널 못,https://www.emuseum.go.kr/detail?relicId=PS0100100400700043100000
무령432,널 못,https://www.emuseum.go.kr/detail?relicId=PS0100100400700043200000
무령433,널 못,https://www.emuseum.go.kr/detail?relicId=PS0100100400700043300000
무령434,널 못,https://www.emuseum.go.kr/detail?relicId=PS0100100400700043400000
무령435,널 못,https://www.emuseum.go.kr/detail?relicId=PS0100100400700043500000
무령436,널 못,https://www.emuseum.go.kr/detail?relicId=PS0100100400700043600000
무령437,널 못,https://www.emuseum.go.kr/detail?relicId=PS0100100400700043700000
무령438,널 못,https://www.emuseum.go.kr/detail?relicId=PS0100100400700043800000
무령439,널 못,https://www.emuseum.go.kr/detail?relicId=PS0100100400700043900000
무령440,널 못,https://www.emuseum.go.kr/detail?relicId=PS0100100400700044000000
무령441,널 못,https://www.emuseum.go.kr/detail?relicId=PS0100100400700044100000
무령442,널 못,https://www.emuseum.go.kr/detail?relicId=PS0100100400700044200000
무령443,널 못,https://www.emuseum.go.kr/detail?relicId=PS0100100400700044300000
무령444,널 못,https://www.emuseum.go.kr/detail?relicId=PS0100100400700044400000
무령445,널 못,https://www.emuseum.go.kr/detail?relicId=PS0100100400700044500000
무령446,널 못,https://www.emuseum.go.kr/detail?relicId=PS0100100400700044600000
무령447,널 못,https://www.emuseum.go.kr/detail?relicId=PS0100100400700044700000
무령448,널 못,https://www.emuseum.go.kr/detail?relicId=PS0100100400700044800000
무령449,널 못,https://www.emuseum.go.kr/detail?relicId=PS0100100400700044900000
무령450,널 못,https://www.emuseum.go.kr/detail?relicId=PS0100100400700045000000
무령451,널 못,https://www.emuseum.go.kr/detail?relicId=PS0100100400700045100000
무령452,널 못,https://www.emuseum.go.kr/detail?relicId=PS0100100400700045200000
무령453,널 못,https://www.emuseum.go.kr/detail?relicId=PS0100100400700045300000
무령454,널 못,https://www.emuseum.go.kr/detail?relicId=PS0100100400700045400000
무령455,널 못,https://www.emuseum.go.kr/detail?relicId=PS0100100400700045500000
무령456,널 못,https://www.emuseum.go.kr/detail?relicId=PS0100100400700045600000
무령457,널 못,https://www.emuseum.go.kr/detail?relicId=PS0100100400700045700000
무령458,널 못,https://www.emuseum.go.kr/detail?relicId=PS0100100400700045800000
무령459,널 못,https://www.emuseum.go.kr/detail?relicId=PS0100100400700045900000
무령460,널 못,https://www.emuseum.go.kr/detail?relicId=PS0100100400700046000000
무령461,널 못,https://www.emuseum.go.kr/detail?relicId=PS0100100400700046100000
무령462,널 못,https://www.emuseum.go.kr/detail?relicId=PS0100100400700046200000
무령463,널 못,https://www.emuseum.go.kr/detail?relicId=PS0100100400700046300000
무령464,널 못,https://www.emuseum.go.kr/detail?relicId=PS0100100400700046400000
무령465,널 못,https://www.emuseum.go.kr/detail?relicId=PS0100100400700046500000
무령466,널 못,https://www.emuseum.go.kr/detail?relicId=PS0100100400700046600000
무령467,널 못,https://www.emuseum.go.kr/detail?relicId=PS0100100400700046700000
무령468,널 못,https://www.emuseum.go.kr/detail?relicId=PS0100100400700046800000
무령469,널 못,https://www.emuseum.go.kr/detail?relicId=PS0100100400700046900000
무령470,널 못,https://www.emuseum.go.kr/detail?relicId=PS0100100400700047000000
무령471,널 못,https://www.emuseum.go.kr/detail?relicId=PS0100100400700047100000
무령472,널 못,https://www.emuseum.go.kr/detail?relicId=PS0100100400700047200000
무령473,널 못,https://www.emuseum.go.kr/detail?relicId=PS0100100400700047300000
무령474,널 못,https://www.emuseum.go.kr/detail?relicId=PS0100100400700047400000
무령475,널 못,https://www.emuseum.go.kr/detail?relicId=PS0100100400700047500000
무령476,널 못,https://www.emuseum.go.kr/detail?relicId=PS0100100400700047600000
무령477,널 못,https://www.emuseum.go.kr/detail?relicId=PS0100100400700047700000
무령478,널 못,https://www.emuseum.go.kr/detail?relicId=PS0100100400700047800000
무령479,널 못,https://www.emuseum.go.kr/detail?relicId=PS0100100400700047900000
무령480,널 못,https://www.emuseum.go.kr/detail?relicId=PS0100100400700048000000
무령481,널 못,https://www.emuseum.go.kr/detail?relicId=PS0100100400700048100000
무령482,널 못,https://www.emuseum.go.kr/detail?relicId=PS0100100400700048200000
무령483,널 못,https://www.emuseum.go.kr/detail?relicId=PS0100100400700048300000
무령484,널 못,https://www.emuseum.go.kr/detail?relicId=PS0100100400700048400000
무령485,널 못,https://www.emuseum.go.kr/detail?relicId=PS0100100400700048500000
무령486,널 못,https://www.emuseum.go.kr/detail?relicId=PS0100100400700048600000
무령487,널 못,https://www.emuseum.go.kr/detail?relicId=PS0100100400700048700000
무령488,널 못,https://www.emuseum.go.kr/detail?relicId=PS0100100400700048800000
무령489,널 못,https://www.emuseum.go.kr/detail?relicId=PS0100100400700048900000
무령490,널 못,https://www.emuseum.go.kr/detail?relicId=PS0100100400700049000000
무령491,널 못,https://www.emuseum.go.kr/detail?relicId=PS0100100400700049100000
무령492,널 못,https://www.emuseum.go.kr/detail?relicId=PS0100100400700049200000
무령493,널 못,https://www.emuseum.go.kr/detail?relicId=PS0100100400700049300000
무령494,널 못,https://www.emuseum.go.kr/detail?relicId=PS0100100400700049400000
무령495,널 못,https://www.emuseum.go.kr/detail?relicId=PS0100100400700049500000
무령496,널 못,https://www.emuseum.go.kr/detail?relicId=PS0100100400700049600000
무령497,널 못,https://www.emuseum.go.kr/detail?relicId=PS0100100400700049700000
무령498,널 못,https://www.emuseum.go.kr/detail?relicId=PS0100100400700049800000
무령499,널 못,https://www.emuseum.go.kr/detail?relicId=PS0100100400700049900000
무령500,널 못,https://www.emuseum.go.kr/detail?relicId=PS0100100400700050000000
무령501,꺾쇠,https://www.emuseum.go.kr/detail?relicId=PS0100100400700050100000
무령502,금동 못,https://www.emuseum.go.kr/detail?relicId=PS0100100400700050200000
무령503,금동 못,https://www.emuseum.go.kr/detail?relicId=PS0100100400700050300000
무령504,금동 못,https://www.emuseum.go.kr/detail?relicId=PS0100100400700050400000
무령505,청동 못,https://www.emuseum.go.kr/detail?relicId=PS0100100400700050500000
무령506,금동 고리 못,https://www.emuseum.go.kr/detail?relicId=PS0100100400700050600000
무령507,금 실,https://www.emuseum.go.kr/detail?relicId=PS0100100400700050700000
무령508,나무 문,https://www.emuseum.go.kr/detail?relicId=PS0100100400700050800000
무령509,문 고리,https://www.emuseum.go.kr/detail?relicId=PS0100100400700050900000
무령510,금동테 원통형 목기,https://www.emuseum.go.kr/detail?relicId=PS0100100400700051000000
무령511,'사 임진년작'명 벽돌,https://www.emuseum.go.kr/detail?relicId=PS0100100400700051100000
무령512,인동 연꽃무늬 벽돌,https://www.emuseum.go.kr/detail?relicId=PS0100100400700051200000
무령513,인동 연꽃무늬 벽돌,https://www.emuseum.go.kr/detail?relicId=PS0100100400700051300000
무령514,연꽃무늬 벽돌,https://www.emuseum.go.kr/detail?relicId=PS0100100400700051400000
무령515,연꽃무늬 벽돌,https://www.emuseum.go.kr/detail?relicId=PS0100100400700051500000
무령516,연꽃무늬 벽돌,https://www.emuseum.go.kr/detail?relicId=PS0100100400700051600000
무령517,연꽃무늬 벽돌,https://www.emuseum.go.kr/detail?relicId=PS0100100400700051700000
무령518,연꽃무늬 벽돌,https://www.emuseum.go.kr/detail?relicId=PS0100100400700051800000
무령519,연꽃무늬 벽돌,https://www.emuseum.go.kr/detail?relicId=PS0100100400700051900000
무령520,연꽃무늬 벽돌,https://www.emuseum.go.kr/detail?relicId=PS0100100400700052000000
무령521,연꽃무늬 벽돌,https://www.emuseum.go.kr/detail?relicId=PS0100100400700052100000
무령522,연꽃무늬 벽돌,https://www.emuseum.go.kr/detail?relicId=PS0100100400700052200000
무령523,연꽃무늬 벽돌,https://www.emuseum.go.kr/detail?relicId=PS0100100400700052300000
무령524,연꽃무늬 벽돌,https://www.emuseum.go.kr/detail?relicId=PS0100100400700052400000
무령525,연꽃무늬 벽돌,https://www.emuseum.go.kr/detail?relicId=PS0100100400700052500000
무령526,연꽃무늬 벽돌,https://www.emuseum.go.kr/detail?relicId=PS0100100400700052600000
무령527,연꽃무늬 벽돌,https://www.emuseum.go.kr/detail?relicId=PS0100100400700052700000
무령528,연꽃무늬 벽돌,https://www.emuseum.go.kr/detail?relicId=PS0100100400700052800000
무령529,연꽃무늬 벽돌,https://www.emuseum.go.kr/detail?relicId=PS0100100400700052900000
무령530,연꽃무늬 벽돌,https://www.emuseum.go.kr/detail?relicId=PS0100100400700053000000
무령531,연꽃무늬 벽돌,https://www.emuseum.go.kr/detail?relicId=PS0100100400700053100000
무령532,연꽃무늬 벽돌,https://www.emuseum.go.kr/detail?relicId=PS0100100400700053200000
무령533,연꽃무늬 벽돌,https://www.emuseum.go.kr/detail?relicId=PS0100100400700053300000
무령534,연꽃무늬 벽돌,https://www.emuseum.go.kr/detail?relicId=PS0100100400700053400000
무령535,연꽃무늬 벽돌,https://www.emuseum.go.kr/detail?relicId=PS0100100400700053500000
무령536,연꽃무늬 벽돌,https://www.emuseum.go.kr/detail?relicId=PS0100100400700053600000
무령537,연꽃무늬 벽돌,https://www.emuseum.go.kr/detail?relicId=PS0100100400700053700000
무령538,연꽃무늬 벽돌,https://www.emuseum.go.kr/detail?relicId=PS0100100400700053800000
무령539,연꽃무늬 벽돌,https://www.emuseum.go.kr/detail?relicId=PS0100100400700053900000
무령540,연꽃무늬 벽돌,https://www.emuseum.go.kr/detail?relicId=PS0100100400700054000000
무령541,연꽃무늬 벽돌,https://www.emuseum.go.kr/detail?relicId=PS0100100400700054100000
무령542,연꽃무늬 벽돌,https://www.emuseum.go.kr/detail?relicId=PS0100100400700054200000
무령543,연꽃무늬 벽돌,https://www.emuseum.go.kr/detail?relicId=PS0100100400700054300000
무령544,연꽃무늬 벽돌,https://www.emuseum.go.kr/detail?relicId=PS0100100400700054400000
무령545,연꽃무늬 벽돌,https://www.emuseum.go.kr/detail?relicId=PS0100100400700054500000
무령546,연꽃무늬 벽돌,https://www.emuseum.go.kr/detail?relicId=PS0100100400700054600000
무령547,연꽃무늬 벽돌,https://www.emuseum.go.kr/detail?relicId=PS0100100400700054700000
무령548,연꽃무늬 벽돌,https://www.emuseum.go.kr/detail?relicId=PS0100100400700054800000
무령549,연꽃무늬 벽돌,https://www.emuseum.go.kr/detail?relicId=PS0100100400700054900000
무령550,연꽃무늬 벽돌,https://www.emuseum.go.kr/detail?relicId=PS0100100400700055000000
무령551,연꽃무늬 벽돌,https://www.emuseum.go.kr/detail?relicId=PS0100100400700055100000
무령552,연꽃무늬 벽돌,https://www.emuseum.go.kr/detail?relicId=PS0100100400700055200000
무령553,연꽃무늬 벽돌,https://www.emuseum.go.kr/detail?relicId=PS0100100400700055300000
무령554,연꽃무늬 벽돌,https://www.emuseum.go.kr/detail?relicId=PS0100100400700055400000
무령555,연꽃무늬 벽돌,https://www.emuseum.go.kr/detail?relicId=PS0100100400700055500000
무령556,연꽃무늬 벽돌,https://www.emuseum.go.kr/detail?relicId=PS0100100400700055600000
무령557,연꽃무늬 벽돌,https://www.emuseum.go.kr/detail?relicId=PS0100100400700055700000
무령558,연꽃무늬 벽돌,https://www.emuseum.go.kr/detail?relicId=PS0100100400700055800000
무령559,연꽃무늬 벽돌,https://www.emuseum.go.kr/detail?relicId=PS0100100400700055900000
무령560,연꽃무늬 벽돌,https://www.emuseum.go.kr/detail?relicId=PS0100100400700056000000
무령561,연꽃무늬 벽돌,https://www.emuseum.go.kr/detail?relicId=PS0100100400700056100000
무령562,연꽃무늬 벽돌,https://www.emuseum.go.kr/detail?relicId=PS0100100400700056200000
무령563,연꽃무늬 벽돌,https://www.emuseum.go.kr/detail?relicId=PS0100100400700056300000
무령564,연꽃무늬 벽돌,https://www.emuseum.go.kr/detail?relicId=PS0100100400700056400000
무령565,연꽃무늬 벽돌,https://www.emuseum.go.kr/detail?relicId=PS0100100400700056500000
무령566,연꽃무늬 벽돌,https://www.emuseum.go.kr/detail?relicId=PS0100100400700056600000
무령567,연꽃무늬 벽돌,https://www.emuseum.go.kr/detail?relicId=PS0100100400700056700000
무령568,연꽃무늬 벽돌,https://www.emuseum.go.kr/detail?relicId=PS0100100400700056800000
무령569,연꽃무늬 벽돌,https://www.emuseum.go.kr/detail?relicId=PS0100100400700056900000
무령570,연꽃무늬 벽돌,https://www.emuseum.go.kr/detail?relicId=PS0100100400700057000000
무령571,연꽃무늬 벽돌,https://www.emuseum.go.kr/detail?relicId=PS0100100400700057100000
무령572,연꽃무늬 벽돌,https://www.emuseum.go.kr/detail?relicId=PS0100100400700057200000
무령573,연꽃무늬 벽돌,https://www.emuseum.go.kr/detail?relicId=PS0100100400700057300000
무령574,연꽃무늬 벽돌,https://www.emuseum.go.kr/detail?relicId=PS0100100400700057400000
무령575,연꽃무늬 벽돌,https://www.emuseum.go.kr/detail?relicId=PS0100100400700057500000
무령576,연꽃무늬 벽돌,https://www.emuseum.go.kr/detail?relicId=PS0100100400700057600000
무령577,연꽃무늬 벽돌,https://www.emuseum.go.kr/detail?relicId=PS0100100400700057700000
무령578,연꽃무늬 벽돌,https://www.emuseum.go.kr/detail?relicId=PS0100100400700057800000
무령579,연꽃무늬 벽돌,https://www.emuseum.go.kr/detail?relicId=PS0100100400700057900000
무령580,연꽃무늬 벽돌,https://www.emuseum.go.kr/detail?relicId=PS0100100400700058000000
무령581,연꽃무늬 벽돌,https://www.emuseum.go.kr/detail?relicId=PS0100100400700058100000
무령582,연꽃무늬 벽돌,https://www.emuseum.go.kr/detail?relicId=PS0100100400700058200000
무령583,연꽃무늬 벽돌,https://www.emuseum.go.kr/detail?relicId=PS0100100400700058300000
무령584,연꽃무늬 벽돌,https://www.emuseum.go.kr/detail?relicId=PS0100100400700058400000
무령585,연꽃무늬 벽돌,https://www.emuseum.go.kr/detail?relicId=PS0100100400700058500000
무령586,연꽃무늬 벽돌,https://www.emuseum.go.kr/detail?relicId=PS0100100400700058600000
무령587,연꽃무늬 벽돌,https://www.emuseum.go.kr/detail?relicId=PS0100100400700058700000
무령588,연꽃무늬 벽돌,https://www.emuseum.go.kr/detail?relicId=PS0100100400700058800000
무령589,연꽃무늬 벽돌,https://www.emuseum.go.kr/detail?relicId=PS0100100400700058900000
무령590,연꽃무늬 벽돌,https://www.emuseum.go.kr/detail?relicId=PS0100100400700059000000
무령591,연꽃무늬 벽돌,https://www.emuseum.go.kr/detail?relicId=PS0100100400700059100000
무령592,연꽃무늬 벽돌,https://www.emuseum.go.kr/detail?relicId=PS0100100400700059200000
무령593,연꽃무늬 벽돌,https://www.emuseum.go.kr/detail?relicId=PS0100100400700059300000
무령594,연꽃무늬 벽돌,https://www.emuseum.go.kr/detail?relicId=PS0100100400700059400000
무령595,연꽃무늬 벽돌,https://www.emuseum.go.kr/detail?relicId=PS0100100400700059500000
무령596,연꽃무늬 벽돌,https://www.emuseum.go.kr/detail?relicId=PS0100100400700059600000
무령597,연꽃무늬 벽돌,https://www.emuseum.go.kr/detail?relicId=PS0100100400700059700000
무령598,연꽃무늬 벽돌,https://www.emuseum.go.kr/detail?relicId=PS0100100400700059800000
무령599,연꽃 사격자무늬 벽돌,https://www.emuseum.go.kr/detail?relicId=PS0100100400700059900000
무령600,연꽃 사격자무늬 벽돌,https://www.emuseum.go.kr/detail?relicId=PS0100100400700060000000
무령601,연꽃 사격자무늬 벽돌,https://www.emuseum.go.kr/detail?relicId=PS0100100400700060100000
무령602,연꽃 사격자무늬 벽돌,https://www.emuseum.go.kr/detail?relicId=PS0100100400700060200000
무령603,연꽃 사격자무늬 벽돌,https://www.emuseum.go.kr/detail?relicId=PS0100100400700060300000
무령604,연꽃 사격자무늬 벽돌,https://www.emuseum.go.kr/detail?relicId=PS0100100400700060400000
무령605,연꽃 사격자무늬 벽돌,https://www.emuseum.go.kr/detail?relicId=PS0100100400700060500000
무령606,연꽃 사격자무늬 벽돌,https://www.emuseum.go.kr/detail?relicId=PS0100100400700060600000
무령607,연꽃 사격자무늬 벽돌,https://www.emuseum.go.kr/detail?relicId=PS0100100400700060700000
무령608,연꽃 사격자무늬 벽돌,https://www.emuseum.go.kr/detail?relicId=PS0100100400700060800000
무령609,연꽃 사격자무늬 벽돌,https://www.emuseum.go.kr/detail?relicId=PS0100100400700060900000
무령610,연꽃 사격자무늬 벽돌,https://www.emuseum.go.kr/detail?relicId=PS0100100400700061000000
무령611,연꽃 사격자무늬 벽돌,https://www.emuseum.go.kr/detail?relicId=PS0100100400700061100000
무령612,연꽃 사격자무늬 벽돌,https://www.emuseum.go.kr/detail?relicId=PS0100100400700061200000
무령613,연꽃 사격자무늬 벽돌,https://www.emuseum.go.kr/detail?relicId=PS0100100400700061300000
무령614,연꽃 사격자무늬 벽돌,https://www.emuseum.go.kr/detail?relicId=PS0100100400700061400000
무령615,연꽃 사격자무늬 벽돌,https://www.emuseum.go.kr/detail?relicId=PS0100100400700061500000
무령616,연꽃 사격자무늬 벽돌,https://www.emuseum.go.kr/detail?relicId=PS0100100400700061600000
무령617,연꽃 사격자무늬 벽돌,https://www.emuseum.go.kr/detail?relicId=PS0100100400700061700000
무령618,연꽃 사격자무늬 벽돌,https://www.emuseum.go.kr/detail?relicId=PS0100100400700061800000
무령619,연꽃 사격자무늬 벽돌,https://www.emuseum.go.kr/detail?relicId=PS0100100400700061900000
무령620,연꽃 사격자무늬 벽돌,https://www.emuseum.go.kr/detail?relicId=PS0100100400700062000000
무령621,연꽃 사격자무늬 벽돌,https://www.emuseum.go.kr/detail?relicId=PS0100100400700062100000
무령622,연꽃 사격자무늬 벽돌,https://www.emuseum.go.kr/detail?relicId=PS0100100400700062200000
무령623,연꽃 사격자무늬 벽돌,https://www.emuseum.go.kr/detail?relicId=PS0100100400700062300000
무령624,연꽃 사격자무늬 벽돌,https://www.emuseum.go.kr/detail?relicId=PS0100100400700062400000
무령625,연꽃 사격자무늬 벽돌,https://www.emuseum.go.kr/detail?relicId=PS0100100400700062500000
무령626,연꽃 사격자무늬 벽돌,https://www.emuseum.go.kr/detail?relicId=PS0100100400700062600000
무령627,연꽃 사격자무늬 벽돌,https://www.emuseum.go.kr/detail?relicId=PS0100100400700062700000
무령628,연꽃 사격자무늬 벽돌,https://www.emuseum.go.kr/detail?relicId=PS0100100400700062800000
무령629,연꽃 사격자무늬 벽돌,https://www.emuseum.go.kr/detail?relicId=PS0100100400700062900000
무령630,연꽃 사격자무늬 벽돌,https://www.emuseum.go.kr/detail?relicId=PS0100100400700063000000
무령631,연꽃 사격자무늬 벽돌,https://www.emuseum.go.kr/detail?relicId=PS0100100400700063100000
무령632,연꽃 사격자무늬 벽돌,https://www.emuseum.go.kr/detail?relicId=PS0100100400700063200000
무령633,연꽃 사격자무늬 벽돌,https://www.emuseum.go.kr/detail?relicId=PS0100100400700063300000
무령634,연꽃 사격자무늬 벽돌,https://www.emuseum.go.kr/detail?relicId=PS0100100400700063400000
무령635,연꽃 사격자무늬 벽돌,https://www.emuseum.go.kr/detail?relicId=PS0100100400700063500000
무령636,연꽃 사격자무늬 벽돌,https://www.emuseum.go.kr/detail?relicId=PS0100100400700063600000
무령637,연꽃 사격자무늬 벽돌,https://www.emuseum.go.kr/detail?relicId=PS0100100400700063700000
무령638,연꽃 사격자무늬 벽돌,https://www.emuseum.go.kr/detail?relicId=PS0100100400700063800000
무령639,연꽃 사격자무늬 벽돌,https://www.emuseum.go.kr/detail?relicId=PS0100100400700063900000
무령640,연꽃 사격자무늬 벽돌,https://www.emuseum.go.kr/detail?relicId=PS0100100400700064000000
무령641,연꽃 사격자무늬 벽돌,https://www.emuseum.go.kr/detail?relicId=PS0100100400700064100000
무령642,연꽃 사격자무늬 벽돌,https://www.emuseum.go.kr/detail?relicId=PS0100100400700064200000
무령643,연꽃 사격자무늬 벽돌,https://www.emuseum.go.kr/detail?relicId=PS0100100400700064300000
무령644,연꽃 사격자무늬 벽돌,https://www.emuseum.go.kr/detail?relicId=PS0100100400700064400000
무령645,연꽃 사격자무늬 벽돌,https://www.emuseum.go.kr/detail?relicId=PS0100100400700064500000
무령646,연꽃 사격자무늬 벽돌,https://www.emuseum.go.kr/detail?relicId=PS0100100400700064600000
무령647,연꽃 사격자무늬 벽돌,https://www.emuseum.go.kr/detail?relicId=PS0100100400700064700000
무령648,연꽃 사격자무늬 벽돌,https://www.emuseum.go.kr/detail?relicId=PS0100100400700064800000
무령649,연꽃 사격자무늬 벽돌,https://www.emuseum.go.kr/detail?relicId=PS0100100400700064900000
무령650,연꽃 사격자무늬 벽돌,https://www.emuseum.go.kr/detail?relicId=PS0100100400700065000000
무령651,연꽃 사격자무늬 벽돌,https://www.emuseum.go.kr/detail?relicId=PS0100100400700065100000
무령652,연꽃 사격자무늬 벽돌,https://www.emuseum.go.kr/detail?relicId=PS0100100400700065200000
무령653,연꽃 사격자무늬 벽돌,https://www.emuseum.go.kr/detail?relicId=PS0100100400700065300000
무령654,연꽃 사격자무늬 벽돌,https://www.emuseum.go.kr/detail?relicId=PS0100100400700065400000
무령655,연꽃 사격자무늬 벽돌,https://www.emuseum.go.kr/detail?relicId=PS0100100400700065500000
무령656,연꽃 사격자무늬 벽돌,https://www.emuseum.go.kr/detail?relicId=PS0100100400700065600000
무령657,연꽃 사격자무늬 벽돌,https://www.emuseum.go.kr/detail?relicId=PS0100100400700065700000
무령658,연꽃 사격자무늬 벽돌,https://www.emuseum.go.kr/detail?relicId=PS0100100400700065800000
무령659,연꽃 사격자무늬 벽돌,https://www.emuseum.go.kr/detail?relicId=PS0100100400700065900000
무령660,연꽃 사격자무늬 벽돌,https://www.emuseum.go.kr/detail?relicId=PS0100100400700066000000
무령661,연꽃 사격자무늬 벽돌,https://www.emuseum.go.kr/detail?relicId=PS0100100400700066100000
무령662,연꽃 사격자무늬 벽돌,https://www.emuseum.go.kr/detail?relicId=PS0100100400700066200000
무령663,연꽃 사격자무늬 벽돌,https://www.emuseum.go.kr/detail?relicId=PS0100100400700066300000
무령664,연꽃 사격자무늬 벽돌,https://www.emuseum.go.kr/detail?relicId=PS0100100400700066400000
무령665,연꽃 사격자무늬 벽돌,https://www.emuseum.go.kr/detail?relicId=PS0100100400700066500000
무령666,연꽃 사격자무늬 벽돌,https://www.emuseum.go.kr/detail?relicId=PS0100100400700066600000
무령667,연꽃 사격자무늬 벽돌,https://www.emuseum.go.kr/detail?relicId=PS0100100400700066700000
무령668,연꽃 사격자무늬 벽돌,https://www.emuseum.go.kr/detail?relicId=PS0100100400700066800000
무령669,연꽃 사격자무늬 벽돌,https://www.emuseum.go.kr/detail?relicId=PS0100100400700066900000
무령670,연꽃 사격자무늬 벽돌,https://www.emuseum.go.kr/detail?relicId=PS0100100400700067000000
무령671,연꽃 사격자무늬 벽돌,https://www.emuseum.go.kr/detail?relicId=PS0100100400700067100000
무령672,연꽃 사격자무늬 벽돌,https://www.emuseum.go.kr/detail?relicId=PS0100100400700067200000
무령673,연꽃 사격자무늬 벽돌,https://www.emuseum.go.kr/detail?relicId=PS0100100400700067300000
무령674,연꽃 사격자무늬 벽돌,https://www.emuseum.go.kr/detail?relicId=PS0100100400700067400000
무령675,연꽃 사격자무늬 벽돌,https://www.emuseum.go.kr/detail?relicId=PS0100100400700067500000
무령676,연꽃 사격자무늬 벽돌,https://www.emuseum.go.kr/detail?relicId=PS0100100400700067600000
무령677,연꽃 사격자무늬 벽돌,https://www.emuseum.go.kr/detail?relicId=PS0100100400700067700000
무령678,연꽃 사격자무늬 벽돌,https://www.emuseum.go.kr/detail?relicId=PS0100100400700067800000
무령679,연꽃 사격자무늬 벽돌,https://www.emuseum.go.kr/detail?relicId=PS0100100400700067900000
무령680,연꽃 사격자무늬 벽돌,https://www.emuseum.go.kr/detail?relicId=PS0100100400700068000000
무령681,연꽃 사격자무늬 벽돌,https://www.emuseum.go.kr/detail?relicId=PS0100100400700068100000
무령682,연꽃 사격자무늬 벽돌,https://www.emuseum.go.kr/detail?relicId=PS0100100400700068200000
무령683,연꽃 사격자무늬 벽돌,https://www.emuseum.go.kr/detail?relicId=PS0100100400700068300000
무령684,연꽃 사격자무늬 벽돌,https://www.emuseum.go.kr/detail?relicId=PS0100100400700068400000
무령685,연꽃 사격자무늬 벽돌,https://www.emuseum.go.kr/detail?relicId=PS0100100400700068500000
무령686,연꽃 사격자무늬 벽돌,https://www.emuseum.go.kr/detail?relicId=PS0100100400700068600000
무령687,연꽃 사격자무늬 벽돌,https://www.emuseum.go.kr/detail?relicId=PS0100100400700068700000
무령688,연꽃 사격자무늬 벽돌,https://www.emuseum.go.kr/detail?relicId=PS0100100400700068800000
무령689,연꽃 사격자무늬 벽돌,https://www.emuseum.go.kr/detail?relicId=PS0100100400700068900000
무령690,연꽃 사격자무늬 벽돌,https://www.emuseum.go.kr/detail?relicId=PS0100100400700069000000
무령691,연꽃 사격자무늬 벽돌,https://www.emuseum.go.kr/detail?relicId=PS0100100400700069100000
무령692,연꽃 사격자무늬 벽돌,https://www.emuseum.go.kr/detail?relicId=PS0100100400700069200000
무령693,연꽃 사격자무늬 벽돌,https://www.emuseum.go.kr/detail?relicId=PS0100100400700069300000
무령694,사격자무늬 벽돌,https://www.emuseum.go.kr/detail?relicId=PS0100100400700069400000
무령695,사격자무늬 벽돌,https://www.emuseum.go.kr/detail?relicId=PS0100100400700069500000
무령696,사격자무늬 벽돌,https://www.emuseum.go.kr/detail?relicId=PS0100100400700069600000
무령697,사격자무늬 벽돌,https://www.emuseum.go.kr/detail?relicId=PS0100100400700069700000
무령698,사격자무늬 벽돌,https://www.emuseum.go.kr/detail?relicId=PS0100100400700069800000
무령699,사격자무늬 벽돌,https://www.emuseum.go.kr/detail?relicId=PS0100100400700069900000
무령700,사격자무늬 벽돌,https://www.emuseum.go.kr/detail?relicId=PS0100100400700070000000
무령701,사격자무늬 벽돌,https://www.emuseum.go.kr/detail?relicId=PS0100100400700070100000
무령702,사격자무늬 벽돌,https://www.emuseum.go.kr/detail?relicId=PS0100100400700070200000
무령703,사격자무늬 벽돌,https://www.emuseum.go.kr/detail?relicId=PS0100100400700070300000
무령704,사격자무늬 벽돌,https://www.emuseum.go.kr/detail?relicId=PS0100100400700070400000
무령705,사격자무늬 벽돌,https://www.emuseum.go.kr/detail?relicId=PS0100100400700070500000
무령706,사격자무늬 벽돌,https://www.emuseum.go.kr/detail?relicId=PS0100100400700070600000
무령707,사격자무늬 벽돌,https://www.emuseum.go.kr/detail?relicId=PS0100100400700070700000
무령708,사격자무늬 벽돌,https://www.emuseum.go.kr/detail?relicId=PS0100100400700070800000
무령709,사격자무늬 벽돌,https://www.emuseum.go.kr/detail?relicId=PS0100100400700070900000
무령710,사격자무늬 벽돌,https://www.emuseum.go.kr/detail?relicId=PS0100100400700071000000
무령711,사격자무늬 벽돌,https://www.emuseum.go.kr/detail?relicId=PS0100100400700071100000
무령712,사격자무늬 벽돌,https://www.emuseum.go.kr/detail?relicId=PS0100100400700071200000
무령713,사격자무늬 벽돌,https://www.emuseum.go.kr/detail?relicId=PS0100100400700071300000
무령714,사격자무늬 벽돌,https://www.emuseum.go.kr/detail?relicId=PS0100100400700071400000
무령715,사격자무늬 벽돌,https://www.emuseum.go.kr/detail?relicId=PS0100100400700071500000
무령716,사격자무늬 벽돌,https://www.emuseum.go.kr/detail?relicId=PS0100100400700071600000
무령717,사격자무늬 벽돌,https://www.emuseum.go.kr/detail?relicId=PS0100100400700071700000
무령718,사격자무늬 벽돌,https://www.emuseum.go.kr/detail?relicId=PS0100100400700071800000
무령719,사격자무늬 벽돌,https://www.emuseum.go.kr/detail?relicId=PS0100100400700071900000
무령720,사격자무늬 벽돌,https://www.emuseum.go.kr/detail?relicId=PS0100100400700072000000
무령721,사격자무늬 벽돌,https://www.emuseum.go.kr/detail?relicId=PS0100100400700072100000
무령722,사격자무늬 벽돌,https://www.emuseum.go.kr/detail?relicId=PS0100100400700072200000
무령723,사격자무늬 벽돌,https://www.emuseum.go.kr/detail?relicId=PS0100100400700072300000
무령724,사격자무늬 벽돌,https://www.emuseum.go.kr/detail?relicId=PS0100100400700072400000
무령725,사격자무늬 벽돌,https://www.emuseum.go.kr/detail?relicId=PS0100100400700072500000
무령726,사격자무늬 벽돌,https://www.emuseum.go.kr/detail?relicId=PS0100100400700072600000
무령727,사격자무늬 벽돌,https://www.emuseum.go.kr/detail?relicId=PS0100100400700072700000
무령728,사격자무늬 벽돌,https://www.emuseum.go.kr/detail?relicId=PS0100100400700072800000
무령729,사격자무늬 벽돌,https://www.emuseum.go.kr/detail?relicId=PS0100100400700072900000
무령730,사격자무늬 벽돌,https://www.emuseum.go.kr/detail?relicId=PS0100100400700073000000
무령731,사격자무늬 벽돌,https://www.emuseum.go.kr/detail?relicId=PS0100100400700073100000
무령732,사격자무늬 벽돌,https://www.emuseum.go.kr/detail?relicId=PS0100100400700073200000
무령733,사격자무늬 벽돌,https://www.emuseum.go.kr/detail?relicId=PS0100100400700073300000
무령734,사격자무늬 벽돌,https://www.emuseum.go.kr/detail?relicId=PS0100100400700073400000
무령735,사격자무늬 벽돌,https://www.emuseum.go.kr/detail?relicId=PS0100100400700073500000
무령736,사격자무늬 벽돌,https://www.emuseum.go.kr/detail?relicId=PS0100100400700073600000
무령737,사격자무늬 벽돌,https://www.emuseum.go.kr/detail?relicId=PS0100100400700073700000
무령738,사격자무늬 벽돌,https://www.emuseum.go.kr/detail?relicId=PS0100100400700073800000
무령739,사격자무늬 벽돌,https://www.emuseum.go.kr/detail?relicId=PS0100100400700073900000
무령740,사격자무늬 벽돌,https://www.emuseum.go.kr/detail?relicId=PS0100100400700074000000
무령741,사격자무늬 벽돌,https://www.emuseum.go.kr/detail?relicId=PS0100100400700074100000
무령742,사격자무늬 벽돌,https://www.emuseum.go.kr/detail?relicId=PS0100100400700074200000
무령743,사격자무늬 벽돌,https://www.emuseum.go.kr/detail?relicId=PS0100100400700074300000
무령744,사격자무늬 벽돌,https://www.emuseum.go.kr/detail?relicId=PS0100100400700074400000
무령745,사격자무늬 벽돌,https://www.emuseum.go.kr/detail?relicId=PS0100100400700074500000
무령746,사격자무늬 벽돌,https://www.emuseum.go.kr/detail?relicId=PS0100100400700074600000
무령747,사격자무늬 벽돌,https://www.emuseum.go.kr/detail?relicId=PS0100100400700074700000
무령748,사격자무늬 벽돌,https://www.emuseum.go.kr/detail?relicId=PS0100100400700074800000
무령749,사격자무늬 벽돌,https://www.emuseum.go.kr/detail?relicId=PS0100100400700074900000
무령750,사격자무늬 벽돌,https://www.emuseum.go.kr/detail?relicId=PS0100100400700075000000
무령751,사격자무늬 벽돌,https://www.emuseum.go.kr/detail?relicId=PS0100100400700075100000
무령752,사격자무늬 벽돌,https://www.emuseum.go.kr/detail?relicId=PS0100100400700075200000
무령753,사격자무늬 벽돌,https://www.emuseum.go.kr/detail?relicId=PS0100100400700075300000
무령754,사격자무늬 벽돌,https://www.emuseum.go.kr/detail?relicId=PS0100100400700075400000
무령755,사격자무늬 벽돌,https://www.emuseum.go.kr/detail?relicId=PS0100100400700075500000
무령756,사격자무늬 벽돌,https://www.emuseum.go.kr/detail?relicId=PS0100100400700075600000
무령757,사격자무늬 벽돌,https://www.emuseum.go.kr/detail?relicId=PS0100100400700075700000
무령758,사격자무늬 벽돌,https://www.emuseum.go.kr/detail?relicId=PS0100100400700075800000
무령759,사격자무늬 벽돌,https://www.emuseum.go.kr/detail?relicId=PS0100100400700075900000
무령760,사격자무늬 벽돌,https://www.emuseum.go.kr/detail?relicId=PS0100100400700076000000
무령761,사격자무늬 벽돌,https://www.emuseum.go.kr/detail?relicId=PS0100100400700076100000
무령762,사격자무늬 벽돌,https://www.emuseum.go.kr/detail?relicId=PS0100100400700076200000
무령763,사격자무늬 벽돌,https://www.emuseum.go.kr/detail?relicId=PS0100100400700076300000
무령764,사격자무늬 벽돌,https://www.emuseum.go.kr/detail?relicId=PS0100100400700076400000
무령765,사격자무늬 벽돌,https://www.emuseum.go.kr/detail?relicId=PS0100100400700076500000
무령766,사격자무늬 벽돌,https://www.emuseum.go.kr/detail?relicId=PS0100100400700076600000
무령767,사격자무늬 벽돌,https://www.emuseum.go.kr/detail?relicId=PS0100100400700076700000
무령768,사격자무늬 벽돌,https://www.emuseum.go.kr/detail?relicId=PS0100100400700076800000
무령769,사격자무늬 벽돌,https://www.emuseum.go.kr/detail?relicId=PS0100100400700076900000
무령770,사격자무늬 벽돌,https://www.emuseum.go.kr/detail?relicId=PS0100100400700077000000
무령771,사격자무늬 벽돌,https://www.emuseum.go.kr/detail?relicId=PS0100100400700077100000
무령772,사격자무늬 벽돌,https://www.emuseum.go.kr/detail?relicId=PS0100100400700077200000
무령773,사격자무늬 벽돌,https://www.emuseum.go.kr/detail?relicId=PS0100100400700077300000
무령774,사격자무늬 벽돌,https://www.emuseum.go.kr/detail?relicId=PS0100100400700077400000
무령775,사격자무늬 벽돌,https://www.emuseum.go.kr/detail?relicId=PS0100100400700077500000
무령776,사격자무늬 벽돌,https://www.emuseum.go.kr/detail?relicId=PS0100100400700077600000
무령777,사격자무늬 벽돌,https://www.emuseum.go.kr/detail?relicId=PS0100100400700077700000
무령778,사격자무늬 벽돌,https://www.emuseum.go.kr/detail?relicId=PS0100100400700077800000
무령779,사격자무늬 벽돌,https://www.emuseum.go.kr/detail?relicId=PS0100100400700077900000
무령780,사격자무늬 벽돌,https://www.emuseum.go.kr/detail?relicId=PS0100100400700078000000
무령781,사격자무늬 벽돌,https://www.emuseum.go.kr/detail?relicId=PS0100100400700078100000
무령782,사격자무늬 벽돌,https://www.emuseum.go.kr/detail?relicId=PS0100100400700078200000
무령783,사격자무늬 벽돌,https://www.emuseum.go.kr/detail?relicId=PS0100100400700078300000
무령784,사격자무늬 벽돌,https://www.emuseum.go.kr/detail?relicId=PS0100100400700078400000
무령785,사격자무늬 벽돌,https://www.emuseum.go.kr/detail?relicId=PS0100100400700078500000
무령786,사격자무늬 벽돌,https://www.emuseum.go.kr/detail?relicId=PS0100100400700078600000
무령787,동전무늬 벽돌,https://www.emuseum.go.kr/detail?relicId=PS0100100400700078700000
무령788,동전무늬 벽돌,https://www.emuseum.go.kr/detail?relicId=PS0100100400700078800000
무령789,동전무늬 벽돌,https://www.emuseum.go.kr/detail?relicId=PS0100100400700078900000
무령790,동전무늬 벽돌,https://www.emuseum.go.kr/detail?relicId=PS0100100400700079000000
무령791,동전무늬 벽돌,https://www.emuseum.go.kr/detail?relicId=PS0100100400700079100000
무령792,동전무늬 벽돌,https://www.emuseum.go.kr/detail?relicId=PS0100100400700079200000
무령793,동전무늬 벽돌,https://www.emuseum.go.kr/detail?relicId=PS0100100400700079300000
무령794,동전무늬 벽돌,https://www.emuseum.go.kr/detail?relicId=PS0100100400700079400000
무령795,동전무늬 벽돌,https://www.emuseum.go.kr/detail?relicId=PS0100100400700079500000
무령796,동전무늬 벽돌,https://www.emuseum.go.kr/detail?relicId=PS0100100400700079600000
무령797,동전무늬 벽돌,https://www.emuseum.go.kr/detail?relicId=PS0100100400700079700000
무령798,동전무늬 벽돌,https://www.emuseum.go.kr/detail?relicId=PS0100100400700079800000
무령799,동전무늬 벽돌,https://www.emuseum.go.kr/detail?relicId=PS0100100400700079900000
무령800,동전무늬 벽돌,https://www.emuseum.go.kr/detail?relicId=PS0100100400700080000000
무령801,동전무늬 벽돌,https://www.emuseum.go.kr/detail?relicId=PS0100100400700080100000
무령802,동전무늬 벽돌,https://www.emuseum.go.kr/detail?relicId=PS0100100400700080200000
무령803,동전무늬 벽돌,https://www.emuseum.go.kr/detail?relicId=PS0100100400700080300000
무령804,동전무늬 벽돌,https://www.emuseum.go.kr/detail?relicId=PS0100100400700080400000
무령805,동전무늬 벽돌,https://www.emuseum.go.kr/detail?relicId=PS0100100400700080500000
무령806,동전무늬 벽돌,https://www.emuseum.go.kr/detail?relicId=PS0100100400700080600000
무령807,동전무늬 벽돌,https://www.emuseum.go.kr/detail?relicId=PS0100100400700080700000
무령808,동전무늬 벽돌,https://www.emuseum.go.kr/detail?relicId=PS0100100400700080800000
무령809,벽돌,https://www.emuseum.go.kr/detail?relicId=PS0100100400700080900000
무령810,벽돌,https://www.emuseum.go.kr/detail?relicId=PS0100100400700081000000
무령811,벽돌,https://www.emuseum.go.kr/detail?relicId=PS0100100400700081100000
무령812,벽돌,https://www.emuseum.go.kr/detail?relicId=PS0100100400700081200000
무령813,벽돌,https://www.emuseum.go.kr/detail?relicId=PS0100100400700081300000
무령814,벽돌,https://www.emuseum.go.kr/detail?relicId=PS0100100400700081400000
무령815,벽돌,https://www.emuseum.go.kr/detail?relicId=PS0100100400700081500000
무령816,벽돌,https://www.emuseum.go.kr/detail?relicId=PS0100100400700081600000
무령817,벽돌,https://www.emuseum.go.kr/detail?relicId=PS0100100400700081700000
무령818,벽돌,https://www.emuseum.go.kr/detail?relicId=PS0100100400700081800000
무령819,벽돌,https://www.emuseum.go.kr/detail?relicId=PS0100100400700081900000
무령820,벽돌,https://www.emuseum.go.kr/detail?relicId=PS0100100400700082000000
무령821,벽돌,https://www.emuseum.go.kr/detail?relicId=PS0100100400700082100000
무령822,벽돌,https://www.emuseum.go.kr/detail?relicId=PS0100100400700082200000
무령823,벽돌,https://www.emuseum.go.kr/detail?relicId=PS0100100400700082300000
무령824,벽돌,https://www.emuseum.go.kr/detail?relicId=PS0100100400700082400000
무령825,벽돌,https://www.emuseum.go.kr/detail?relicId=PS0100100400700082500000
무령826,벽돌,https://www.emuseum.go.kr/detail?relicId=PS0100100400700082600000
무령827,벽돌,https://www.emuseum.go.kr/detail?relicId=PS0100100400700082700000
무령828,벽돌,https://www.emuseum.go.kr/detail?relicId=PS0100100400700082800000
무령829,벽돌,https://www.emuseum.go.kr/detail?relicId=PS0100100400700082900000
무령830,벽돌,https://www.emuseum.go.kr/detail?relicId=PS0100100400700083000000
무령831,벽돌,https://www.emuseum.go.kr/detail?relicId=PS0100100400700083100000
무령832,벽돌,https://www.emuseum.go.kr/detail?relicId=PS0100100400700083200000
무령833,벽돌,https://www.emuseum.go.kr/detail?relicId=PS0100100400700083300000
무령834,벽돌,https://www.emuseum.go.kr/detail?relicId=PS0100100400700083400000
무령835,벽돌,https://www.emuseum.go.kr/detail?relicId=PS0100100400700083500000
무령836,벽돌,https://www.emuseum.go.kr/detail?relicId=PS0100100400700083600000
무령837,벽돌,https://www.emuseum.go.kr/detail?relicId=PS0100100400700083700000
무령838,벽돌,https://www.emuseum.go.kr/detail?relicId=PS0100100400700083800000
무령839,벽돌,https://www.emuseum.go.kr/detail?relicId=PS0100100400700083900000
무령840,벽돌,https://www.emuseum.go.kr/detail?relicId=PS0100100400700084000000
무령841,벽돌,https://www.emuseum.go.kr/detail?relicId=PS0100100400700084100000
무령842,벽돌,https://www.emuseum.go.kr/detail?relicId=PS0100100400700084200000
무령843,벽돌,https://www.emuseum.go.kr/detail?relicId=PS0100100400700084300000
무령844,벽돌,https://www.emuseum.go.kr/detail?relicId=PS0100100400700084400000
무령845,벽돌,https://www.emuseum.go.kr/detail?relicId=PS0100100400700084500000
무령846,벽돌,https://www.emuseum.go.kr/detail?relicId=PS0100100400700084600000
무령847,벽돌,https://www.emuseum.go.kr/detail?relicId=PS0100100400700084700000
무령848,벽돌,https://www.emuseum.go.kr/detail?relicId=PS0100100400700084800000
무령849,벽돌,https://www.emuseum.go.kr/detail?relicId=PS0100100400700084900000
무령850,벽돌,https://www.emuseum.go.kr/detail?relicId=PS0100100400700085000000
무령851,벽돌,https://www.emuseum.go.kr/detail?relicId=PS0100100400700085100000
무령852,벽돌,https://www.emuseum.go.kr/detail?relicId=PS0100100400700085200000
무령853,벽돌,https://www.emuseum.go.kr/detail?relicId=PS0100100400700085300000
무령854,벽돌,https://www.emuseum.go.kr/detail?relicId=PS0100100400700085400000
무령855,벽돌,https://www.emuseum.go.kr/detail?relicId=PS0100100400700085500000
무령856,벽돌,https://www.emuseum.go.kr/detail?relicId=PS0100100400700085600000
무령857,벽돌,https://www.emuseum.go.kr/detail?relicId=PS0100100400700085700000
무령858,벽돌,https://www.emuseum.go.kr/detail?relicId=PS0100100400700085800000
무령859,벽돌,https://www.emuseum.go.kr/detail?relicId=PS0100100400700085900000
무령860,벽돌,https://www.emuseum.go.kr/detail?relicId=PS0100100400700086000000
무령861,벽돌,https://www.emuseum.go.kr/detail?relicId=PS0100100400700086100000
무령862,벽돌,https://www.emuseum.go.kr/detail?relicId=PS0100100400700086200000
무령863,벽돌,https://www.emuseum.go.kr/detail?relicId=PS0100100400700086300000
무령864,벽돌,https://www.emuseum.go.kr/detail?relicId=PS0100100400700086400000
무령865,벽돌,https://www.emuseum.go.kr/detail?relicId=PS0100100400700086500000
무령866,벽돌,https://www.emuseum.go.kr/detail?relicId=PS0100100400700086600000
무령867,벽돌,https://www.emuseum.go.kr/detail?relicId=PS0100100400700086700000
무령868,벽돌,https://www.emuseum.go.kr/detail?relicId=PS0100100400700086800000
무령869,벽돌,https://www.emuseum.go.kr/detail?relicId=PS0100100400700086900000
무령870,벽돌,https://www.emuseum.go.kr/detail?relicId=PS0100100400700087000000
무령871,벽돌,https://www.emuseum.go.kr/detail?relicId=PS0100100400700087100000
무령872,벽돌,https://www.emuseum.go.kr/detail?relicId=PS0100100400700087200000
무령873,벽돌,https://www.emuseum.go.kr/detail?relicId=PS0100100400700087300000
무령874,벽돌,https://www.emuseum.go.kr/detail?relicId=PS0100100400700087400000
무령875,벽돌,https://www.emuseum.go.kr/detail?relicId=PS0100100400700087500000
무령876,벽돌,https://www.emuseum.go.kr/detail?relicId=PS0100100400700087600000
무령877,벽돌,https://www.emuseum.go.kr/detail?relicId=PS0100100400700087700000
무령878,벽돌,https://www.emuseum.go.kr/detail?relicId=PS0100100400700087800000
무령879,벽돌,https://www.emuseum.go.kr/detail?relicId=PS0100100400700087900000
무령880,벽돌,https://www.emuseum.go.kr/detail?relicId=PS0100100400700088000000
무령881,벽돌,https://www.emuseum.go.kr/detail?relicId=PS0100100400700088100000
무령882,벽돌,https://www.emuseum.go.kr/detail?relicId=PS0100100400700088200000
무령883,벽돌,https://www.emuseum.go.kr/detail?relicId=PS0100100400700088300000
무령884,벽돌,https://www.emuseum.go.kr/detail?relicId=PS0100100400700088400000
무령885,벽돌,https://www.emuseum.go.kr/detail?relicId=PS0100100400700088500000
무령886,벽돌,https://www.emuseum.go.kr/detail?relicId=PS0100100400700088600000
무령887,벽돌,https://www.emuseum.go.kr/detail?relicId=PS0100100400700088700000
무령888,벽돌,https://www.emuseum.go.kr/detail?relicId=PS0100100400700088800000
무령889,벽돌,https://www.emuseum.go.kr/detail?relicId=PS0100100400700088900000
무령890,벽돌,https://www.emuseum.go.kr/detail?relicId=PS0100100400700089000000
무령891,벽돌,https://www.emuseum.go.kr/detail?relicId=PS0100100400700089100000
무령892,벽돌,https://www.emuseum.go.kr/detail?relicId=PS0100100400700089200000
무령893,벽돌,https://www.emuseum.go.kr/detail?relicId=PS0100100400700089300000
무령894,벽돌,https://www.emuseum.go.kr/detail?relicId=PS0100100400700089400000
무령895,벽돌,https://www.emuseum.go.kr/detail?relicId=PS0100100400700089500000
무령896,벽돌,https://www.emuseum.go.kr/detail?relicId=PS0100100400700089600000
무령897,벽돌,https://www.emuseum.go.kr/detail?relicId=PS0100100400700089700000
무령898,벽돌,https://www.emuseum.go.kr/detail?relicId=PS0100100400700089800000
무령899,벽돌,https://www.emuseum.go.kr/detail?relicId=PS0100100400700089900000
무령900,벽돌,https://www.emuseum.go.kr/detail?relicId=PS0100100400700090000000
무령901,벽돌,https://www.emuseum.go.kr/detail?relicId=PS0100100400700090100000
무령902,벽돌,https://www.emuseum.go.kr/detail?relicId=PS0100100400700090200000
무령903,벽돌,https://www.emuseum.go.kr/detail?relicId=PS0100100400700090300000
무령904,벽돌,https://www.emuseum.go.kr/detail?relicId=PS0100100400700090400000
무령905,벽돌,https://www.emuseum.go.kr/detail?relicId=PS0100100400700090500000
무령906,벽돌,https://www.emuseum.go.kr/detail?relicId=PS0100100400700090600000
무령907,벽돌,https://www.emuseum.go.kr/detail?relicId=PS0100100400700090700000
무령908,벽돌,https://www.emuseum.go.kr/detail?relicId=PS0100100400700090800000
무령909,벽돌,https://www.emuseum.go.kr/detail?relicId=PS0100100400700090900000
무령910,벽돌,https://www.emuseum.go.kr/detail?relicId=PS0100100400700091000000
무령911,벽돌,https://www.emuseum.go.kr/detail?relicId=PS0100100400700091100000
무령912,벽돌,https://www.emuseum.go.kr/detail?relicId=PS0100100400700091200000
무령913,벽돌,https://www.emuseum.go.kr/detail?relicId=PS0100100400700091300000
무령914,벽돌,https://www.emuseum.go.kr/detail?relicId=PS0100100400700091400000
무령915,벽돌,https://www.emuseum.go.kr/detail?relicId=PS0100100400700091500000
무령916,벽돌,https://www.emuseum.go.kr/detail?relicId=PS0100100400700091600000
무령917,벽돌,https://www.emuseum.go.kr/detail?relicId=PS0100100400700091700000
무령918,벽돌,https://www.emuseum.go.kr/detail?relicId=PS0100100400700091800000
무령919,벽돌,https://www.emuseum.go.kr/detail?relicId=PS0100100400700091900000
무령920,벽돌,https://www.emuseum.go.kr/detail?relicId=PS0100100400700092000000
무령921,벽돌,https://www.emuseum.go.kr/detail?relicId=PS0100100400700092100000
무령922,벽돌,https://www.emuseum.go.kr/detail?relicId=PS0100100400700092200000
무령923,벽돌,https://www.emuseum.go.kr/detail?relicId=PS0100100400700092300000
무령924,벽돌,https://www.emuseum.go.kr/detail?relicId=PS0100100400700092400000
무령925,벽돌,https://www.emuseum.go.kr/detail?relicId=PS0100100400700092500000
무령926,벽돌,https://www.emuseum.go.kr/detail?relicId=PS0100100400700092600000
무령927,벽돌,https://www.emuseum.go.kr/detail?relicId=PS0100100400700092700000
무령928,벽돌,https://www.emuseum.go.kr/detail?relicId=PS0100100400700092800000
무령929,벽돌,https://www.emuseum.go.kr/detail?relicId=PS0100100400700092900000
무령930,벽돌,https://www.emuseum.go.kr/detail?relicId=PS0100100400700093000000
무령931,벽돌,https://www.emuseum.go.kr/detail?relicId=PS0100100400700093100000
무령932,벽돌,https://www.emuseum.go.kr/detail?relicId=PS0100100400700093200000
무령933,벽돌,https://www.emuseum.go.kr/detail?relicId=PS0100100400700093300000
무령934,벽돌,https://www.emuseum.go.kr/detail?relicId=PS0100100400700093400000
무령935,벽돌,https://www.emuseum.go.kr/detail?relicId=PS0100100400700093500000
무령936,벽돌,https://www.emuseum.go.kr/detail?relicId=PS0100100400700093600000
무령937,벽돌,https://www.emuseum.go.kr/detail?relicId=PS0100100400700093700000
무령938,벽돌,https://www.emuseum.go.kr/detail?relicId=PS0100100400700093800000
무령939,벽돌,https://www.emuseum.go.kr/detail?relicId=PS0100100400700093900000
무령940,벽돌,https://www.emuseum.go.kr/detail?relicId=PS0100100400700094000000
무령941,벽돌,https://www.emuseum.go.kr/detail?relicId=PS0100100400700094100000
무령942,벽돌,https://www.emuseum.go.kr/detail?relicId=PS0100100400700094200000
무령943,벽돌,https://www.emuseum.go.kr/detail?relicId=PS0100100400700094300000
무령944,벽돌,https://www.emuseum.go.kr/detail?relicId=PS0100100400700094400000
무령945,벽돌,https://www.emuseum.go.kr/detail?relicId=PS0100100400700094500000
무령946,벽돌,https://www.emuseum.go.kr/detail?relicId=PS0100100400700094600000
무령947,벽돌,https://www.emuseum.go.kr/detail?relicId=PS0100100400700094700000
무령948,벽돌,https://www.emuseum.go.kr/detail?relicId=PS0100100400700094800000
무령949,벽돌,https://www.emuseum.go.kr/detail?relicId=PS0100100400700094900000
무령950,벽돌,https://www.emuseum.go.kr/detail?relicId=PS0100100400700095000000
무령951,벽돌,https://www.emuseum.go.kr/detail?relicId=PS0100100400700095100000
무령952,벽돌,https://www.emuseum.go.kr/detail?relicId=PS0100100400700095200000
무령953,벽돌,https://www.emuseum.go.kr/detail?relicId=PS0100100400700095300000
무령954,벽돌,https://www.emuseum.go.kr/detail?relicId=PS0100100400700095400000
무령955,벽돌,https://www.emuseum.go.kr/detail?relicId=PS0100100400700095500000
무령956,벽돌,https://www.emuseum.go.kr/detail?relicId=PS0100100400700095600000
무령957,벽돌,https://www.emuseum.go.kr/detail?relicId=PS0100100400700095700000
무령958,벽돌,https://www.emuseum.go.kr/detail?relicId=PS0100100400700095800000
무령959,벽돌,https://www.emuseum.go.kr/detail?relicId=PS0100100400700095900000
무령960,벽돌,https://www.emuseum.go.kr/detail?relicId=PS0100100400700096000000
무령961,벽돌,https://www.emuseum.go.kr/detail?relicId=PS0100100400700096100000
무령962,벽돌,https://www.emuseum.go.kr/detail?relicId=PS0100100400700096200000
무령963,벽돌,https://www.emuseum.go.kr/detail?relicId=PS0100100400700096300000
무령964,벽돌,https://www.emuseum.go.kr/detail?relicId=PS0100100400700096400000
무령965,벽돌,https://www.emuseum.go.kr/detail?relicId=PS0100100400700096500000
무령966,벽돌,https://www.emuseum.go.kr/detail?relicId=PS0100100400700096600000
무령967,벽돌,https://www.emuseum.go.kr/detail?relicId=PS0100100400700096700000
무령968,벽돌,https://www.emuseum.go.kr/detail?relicId=PS0100100400700096800000
무령969,벽돌,https://www.emuseum.go.kr/detail?relicId=PS0100100400700096900000
무령970,벽돌,https://www.emuseum.go.kr/detail?relicId=PS0100100400700097000000
무령971,벽돌,https://www.emuseum.go.kr/detail?relicId=PS0100100400700097100000
무령972,벽돌,https://www.emuseum.go.kr/detail?relicId=PS0100100400700097200000
무령973,벽돌,https://www.emuseum.go.kr/detail?relicId=PS0100100400700097300000
무령974,벽돌,https://www.emuseum.go.kr/detail?relicId=PS0100100400700097400000
무령975,벽돌,https://www.emuseum.go.kr/detail?relicId=PS0100100400700097500000
무령976,벽돌,https://www.emuseum.go.kr/detail?relicId=PS0100100400700097600000
무령977,벽돌,https://www.emuseum.go.kr/detail?relicId=PS0100100400700097700000
무령978,벽돌,https://www.emuseum.go.kr/detail?relicId=PS0100100400700097800000
무령979,벽돌,https://www.emuseum.go.kr/detail?relicId=PS0100100400700097900000
무령980,벽돌,https://www.emuseum.go.kr/detail?relicId=PS0100100400700098000000
무령981,벽돌,https://www.emuseum.go.kr/detail?relicId=PS0100100400700098100000
무령982,벽돌,https://www.emuseum.go.kr/detail?relicId=PS0100100400700098200000
무령983,벽돌,https://www.emuseum.go.kr/detail?relicId=PS0100100400700098300000
무령984,벽돌,https://www.emuseum.go.kr/detail?relicId=PS0100100400700098400000
무령985,벽돌,https://www.emuseum.go.kr/detail?relicId=PS0100100400700098500000
무령986,벽돌,https://www.emuseum.go.kr/detail?relicId=PS0100100400700098600000
무령987,벽돌,https://www.emuseum.go.kr/detail?relicId=PS0100100400700098700000
무령988,벽돌,https://www.emuseum.go.kr/detail?relicId=PS0100100400700098800000
무령989,벽돌,https://www.emuseum.go.kr/detail?relicId=PS0100100400700098900000
무령990,벽돌,https://www.emuseum.go.kr/detail?relicId=PS0100100400700099000000
무령991,벽돌,https://www.emuseum.go.kr/detail?relicId=PS0100100400700099100000
무령992,벽돌,https://www.emuseum.go.kr/detail?relicId=PS0100100400700099200000
무령993,벽돌,https://www.emuseum.go.kr/detail?relicId=PS0100100400700099300000
무령994,벽돌,https://www.emuseum.go.kr/detail?relicId=PS0100100400700099400000
무령995,벽돌,https://www.emuseum.go.kr/detail?relicId=PS0100100400700099500000
무령996,벽돌,https://www.emuseum.go.kr/detail?relicId=PS0100100400700099600000
무령997,벽돌,https://www.emuseum.go.kr/detail?relicId=PS0100100400700099700000
무령998,벽돌,https://www.emuseum.go.kr/detail?relicId=PS0100100400700099800000
무령999,벽돌,https://www.emuseum.go.kr/detail?relicId=PS0100100400700099900000
무령1000,벽돌,https://www.emuseum.go.kr/detail?relicId=PS0100100400700100000000
무령1001,벽돌,https://www.emuseum.go.kr/detail?relicId=PS0100100400700100100000
무령1002,벽돌,https://www.emuseum.go.kr/detail?relicId=PS0100100400700100200000
무령1003,벽돌,https://www.emuseum.go.kr/detail?relicId=PS0100100400700100300000
무령1004,벽돌,https://www.emuseum.go.kr/detail?relicId=PS0100100400700100400000
무령1005,벽돌,https://www.emuseum.go.kr/detail?relicId=PS0100100400700100500000
무령1006,벽돌,https://www.emuseum.go.kr/detail?relicId=PS0100100400700100600000
무령1007,벽돌,https://www.emuseum.go.kr/detail?relicId=PS0100100400700100700000
무령1008,벽돌,https://www.emuseum.go.kr/detail?relicId=PS0100100400700100800000
무령1009,벽돌,https://www.emuseum.go.kr/detail?relicId=PS0100100400700100900000
무령1010,벽돌,https://www.emuseum.go.kr/detail?relicId=PS0100100400700101000000
무령1011,벽돌,https://www.emuseum.go.kr/detail?relicId=PS0100100400700101100000
무령1012,벽돌,https://www.emuseum.go.kr/detail?relicId=PS0100100400700101200000
무령1013,벽돌,https://www.emuseum.go.kr/detail?relicId=PS0100100400700101300000
무령1014,벽돌,https://www.emuseum.go.kr/detail?relicId=PS0100100400700101400000
무령1015,벽돌,https://www.emuseum.go.kr/detail?relicId=PS0100100400700101500000
무령1016,벽돌,https://www.emuseum.go.kr/detail?relicId=PS0100100400700101600000
무령1017,벽돌,https://www.emuseum.go.kr/detail?relicId=PS0100100400700101700000
무령1018,벽돌,https://www.emuseum.go.kr/detail?relicId=PS0100100400700101800000
무령1019,벽돌,https://www.emuseum.go.kr/detail?relicId=PS0100100400700101900000
무령1020,벽돌,https://www.emuseum.go.kr/detail?relicId=PS0100100400700102000000
무령1021,벽돌,https://www.emuseum.go.kr/detail?relicId=PS0100100400700102100000
무령1022,벽돌,https://www.emuseum.go.kr/detail?relicId=PS0100100400700102200000
무령1023,벽돌,https://www.emuseum.go.kr/detail?relicId=PS0100100400700102300000
무령1024,벽돌,https://www.emuseum.go.kr/detail?relicId=PS0100100400700102400000
무령1025,벽돌,https://www.emuseum.go.kr/detail?relicId=PS0100100400700102500000
무령1026,벽돌,https://www.emuseum.go.kr/detail?relicId=PS0100100400700102600000
무령1027,벽돌,https://www.emuseum.go.kr/detail?relicId=PS0100100400700102700000
무령1028,벽돌,https://www.emuseum.go.kr/detail?relicId=PS0100100400700102800000
무령1029,벽돌,https://www.emuseum.go.kr/detail?relicId=PS0100100400700102900000
무령1030,벽돌,https://www.emuseum.go.kr/detail?relicId=PS0100100400700103000000
무령1031,벽돌,https://www.emuseum.go.kr/detail?relicId=PS0100100400700103100000
무령1032,벽돌,https://www.emuseum.go.kr/detail?relicId=PS0100100400700103200000
무령1033,벽돌,https://www.emuseum.go.kr/detail?relicId=PS0100100400700103300000
무령1034,벽돌,https://www.emuseum.go.kr/detail?relicId=PS0100100400700103400000
무령1035,벽돌,https://www.emuseum.go.kr/detail?relicId=PS0100100400700103500000
무령1036,벽돌,https://www.emuseum.go.kr/detail?relicId=PS0100100400700103600000
무령1037,벽돌,https://www.emuseum.go.kr/detail?relicId=PS0100100400700103700000
무령1038,벽돌,https://www.emuseum.go.kr/detail?relicId=PS0100100400700103800000
무령1039,벽돌,https://www.emuseum.go.kr/detail?relicId=PS0100100400700103900000
무령1040,벽돌,https://www.emuseum.go.kr/detail?relicId=PS0100100400700104000000
무령1041,벽돌,https://www.emuseum.go.kr/detail?relicId=PS0100100400700104100000
무령1042,벽돌,https://www.emuseum.go.kr/detail?relicId=PS0100100400700104200000
무령1043,벽돌,https://www.emuseum.go.kr/detail?relicId=PS0100100400700104300000
무령1044,벽돌,https://www.emuseum.go.kr/detail?relicId=PS0100100400700104400000
무령1045,벽돌,https://www.emuseum.go.kr/detail?relicId=PS0100100400700104500000
무령1046,벽돌,https://www.emuseum.go.kr/detail?relicId=PS0100100400700104600000
무령1047,벽돌,https://www.emuseum.go.kr/detail?relicId=PS0100100400700104700000
무령1048,벽돌,https://www.emuseum.go.kr/detail?relicId=PS0100100400700104800000
무령1049,벽돌,https://www.emuseum.go.kr/detail?relicId=PS0100100400700104900000
무령1050,벽돌,https://www.emuseum.go.kr/detail?relicId=PS0100100400700105000000
무령1051,벽돌,https://www.emuseum.go.kr/detail?relicId=PS0100100400700105100000
무령1052,벽돌,https://www.emuseum.go.kr/detail?relicId=PS0100100400700105200000
무령1053,벽돌,https://www.emuseum.go.kr/detail?relicId=PS0100100400700105300000
무령1054,벽돌,https://www.emuseum.go.kr/detail?relicId=PS0100100400700105400000
무령1055,벽돌,https://www.emuseum.go.kr/detail?relicId=PS0100100400700105500000
무령1056,벽돌,https://www.emuseum.go.kr/detail?relicId=PS0100100400700105600000
무령1057,벽돌,https://www.emuseum.go.kr/detail?relicId=PS0100100400700105700000
무령1058,벽돌,https://www.emuseum.go.kr/detail?relicId=PS0100100400700105800000
무령1059,벽돌,https://www.emuseum.go.kr/detail?relicId=PS0100100400700105900000
무령1060,벽돌,https://www.emuseum.go.kr/detail?relicId=PS0100100400700106000000
무령1061,벽돌,https://www.emuseum.go.kr/detail?relicId=PS0100100400700106100000
무령1062,벽돌,https://www.emuseum.go.kr/detail?relicId=PS0100100400700106200000
무령1063,벽돌,https://www.emuseum.go.kr/detail?relicId=PS0100100400700106300000
무령1064,벽돌,https://www.emuseum.go.kr/detail?relicId=PS0100100400700106400000
무령1065,벽돌,https://www.emuseum.go.kr/detail?relicId=PS0100100400700106500000
무령1066,벽돌,https://www.emuseum.go.kr/detail?relicId=PS0100100400700106600000
무령1067,벽돌,https://www.emuseum.go.kr/detail?relicId=PS0100100400700106700000
무령1068,벽돌,https://www.emuseum.go.kr/detail?relicId=PS0100100400700106800000
무령1069,벽돌,https://www.emuseum.go.kr/detail?relicId=PS0100100400700106900000
무령1070,벽돌,https://www.emuseum.go.kr/detail?relicId=PS0100100400700107000000
무령1071,벽돌,https://www.emuseum.go.kr/detail?relicId=PS0100100400700107100000
무령1072,벽돌,https://www.emuseum.go.kr/detail?relicId=PS0100100400700107200000
무령1073,벽돌,https://www.emuseum.go.kr/detail?relicId=PS0100100400700107300000
무령1074,벽돌,https://www.emuseum.go.kr/detail?relicId=PS0100100400700107400000
무령1075,벽돌,https://www.emuseum.go.kr/detail?relicId=PS0100100400700107500000
무령1076,벽돌,https://www.emuseum.go.kr/detail?relicId=PS0100100400700107600000
무령1077,벽돌,https://www.emuseum.go.kr/detail?relicId=PS0100100400700107700000
무령1078,벽돌,https://www.emuseum.go.kr/detail?relicId=PS0100100400700107800000
무령1079,벽돌,https://www.emuseum.go.kr/detail?relicId=PS0100100400700107900000
무령1080,벽돌,https://www.emuseum.go.kr/detail?relicId=PS0100100400700108000000
무령1081,벽돌,https://www.emuseum.go.kr/detail?relicId=PS0100100400700108100000
무령1082,벽돌,https://www.emuseum.go.kr/detail?relicId=PS0100100400700108200000
무령1083,벽돌,https://www.emuseum.go.kr/detail?relicId=PS0100100400700108300000
무령1084,벽돌,https://www.emuseum.go.kr/detail?relicId=PS0100100400700108400000
무령1085,벽돌,https://www.emuseum.go.kr/detail?relicId=PS0100100400700108500000
무령1086,벽돌,https://www.emuseum.go.kr/detail?relicId=PS0100100400700108600000
무령1087,벽돌,https://www.emuseum.go.kr/detail?relicId=PS0100100400700108700000
무령1088,벽돌,https://www.emuseum.go.kr/detail?relicId=PS0100100400700108800000
무령1089,벽돌,https://www.emuseum.go.kr/detail?relicId=PS0100100400700108900000
무령1090,벽돌,https://www.emuseum.go.kr/detail?relicId=PS0100100400700109000000
무령1091,벽돌,https://www.emuseum.go.kr/detail?relicId=PS0100100400700109100000
무령1092,벽돌,https://www.emuseum.go.kr/detail?relicId=PS0100100400700109200000
무령1093,벽돌,https://www.emuseum.go.kr/detail?relicId=PS0100100400700109300000
무령1094,벽돌,https://www.emuseum.go.kr/detail?relicId=PS0100100400700109400000
무령1095,벽돌,https://www.emuseum.go.kr/detail?relicId=PS0100100400700109500000
무령1096,벽돌,https://www.emuseum.go.kr/detail?relicId=PS0100100400700109600000
무령1097,벽돌,https://www.emuseum.go.kr/detail?relicId=PS0100100400700109700000
무령1098,벽돌,https://www.emuseum.go.kr/detail?relicId=PS0100100400700109800000
무령1099,벽돌,https://www.emuseum.go.kr/detail?relicId=PS0100100400700109900000
무령1100,벽돌,https://www.emuseum.go.kr/detail?relicId=PS0100100400700110000000
무령1101,벽돌,https://www.emuseum.go.kr/detail?relicId=PS0100100400700110100000
무령1102,벽돌,https://www.emuseum.go.kr/detail?relicId=PS0100100400700110200000
무령1103,벽돌,https://www.emuseum.go.kr/detail?relicId=PS0100100400700110300000
무령1104,벽돌,https://www.emuseum.go.kr/detail?relicId=PS0100100400700110400000
무령1105,벽돌,https://www.emuseum.go.kr/detail?relicId=PS0100100400700110500000
무령1106,벽돌,https://www.emuseum.go.kr/detail?relicId=PS0100100400700110600000
무령1107,벽돌,https://www.emuseum.go.kr/detail?relicId=PS0100100400700110700000
무령1108,벽돌,https://www.emuseum.go.kr/detail?relicId=PS0100100400700110800000
무령1109,벽돌,https://www.emuseum.go.kr/detail?relicId=PS0100100400700110900000
무령1110,벽돌,https://www.emuseum.go.kr/detail?relicId=PS0100100400700111000000
무령1111,벽돌,https://www.emuseum.go.kr/detail?relicId=PS0100100400700111100000
무령1112,벽돌,https://www.emuseum.go.kr/detail?relicId=PS0100100400700111200000
무령1113,벽돌,https://www.emuseum.go.kr/detail?relicId=PS0100100400700111300000
무령1114,벽돌,https://www.emuseum.go.kr/detail?relicId=PS0100100400700111400000
무령1115,벽돌,https://www.emuseum.go.kr/detail?relicId=PS0100100400700111500000
무령1116,벽돌,https://www.emuseum.go.kr/detail?relicId=PS0100100400700111600000
무령1117,벽돌,https://www.emuseum.go.kr/detail?relicId=PS0100100400700111700000
무령1118,벽돌,https://www.emuseum.go.kr/detail?relicId=PS0100100400700111800000
무령1119,벽돌,https://www.emuseum.go.kr/detail?relicId=PS0100100400700111900000
무령1120,벽돌,https://www.emuseum.go.kr/detail?relicId=PS0100100400700112000000
무령1121,벽돌,https://www.emuseum.go.kr/detail?relicId=PS0100100400700112100000
무령1122,벽돌,https://www.emuseum.go.kr/detail?relicId=PS0100100400700112200000
무령1123,벽돌,https://www.emuseum.go.kr/detail?relicId=PS0100100400700112300000
무령1124,벽돌,https://www.emuseum.go.kr/detail?relicId=PS0100100400700112400000
무령1125,굽다리 접시,https://www.emuseum.go.kr/detail?relicId=PS0100100400700112500000
